driverId,name,ssn,location,certified,wage-plan
10,Anthony Olson,807-20-3370,"397 Jackson Manors
North Marc, NJ 77772",N,miles
11,Rose Oconnor,323-19-4034,"086 Adam Shoals
Port Justinfort, NJ 91796",Y,miles
12,Melissa Morton,586-41-8697,"Unit 7125 Box 2337
DPO AA 42212",N,hours
13,Shirley Jones MD,883-40-1508,"23055 Jones Knolls
South Carolyn, ND 07648",N,miles
14,Melissa Scott,016-56-7781,"41874 Ballard Fields Apt. 947
South Brandi, OH 55498",N,miles
15,Brett Hooper,027-28-4541,"586 King Ramp
Lake William, WY 33678",N,miles
16,Tracy Brooks,713-03-2989,"57261 Potts Circle Suite 068
Lake Debraside, CO 21313",N,hours
17,Lauren Reynolds,027-31-5601,"35379 Tina Brook
South Christine, NV 87466",N,miles
18,Maria Short,283-18-5848,"03478 Sabrina Hill Suite 228
Meyerville, UT 99815",N,hours
19,Alicia Schultz MD,358-54-5669,"Unit 7165 Box 4535
DPO AP 46065",Y,miles
20,Nicole Garcia,735-85-0448,"1658 Denise Village Apt. 850
New Anthonymouth, LA 26098",Y,hours
21,Cory Conner,677-44-3783,"03266 Patrick Parks Apt. 725
New Rebeccafort, MI 97053",Y,miles
22,Robert Moore,166-27-8269,"615 Roman Fort
Davisville, CT 48111",Y,miles
23,Brandon Brown,650-41-7447,"42642 Jones Rapid Apt. 393
Lake Matthew, NM 24928",N,hours
24,Richard Webb,823-94-0641,"Unit 8519 Box 9322
DPO AA 20506",Y,miles
25,Jason Wilson,575-51-6296,"44296 Cohen Coves
Cynthiabury, TX 01115",Y,hours
26,Scott Hernandez,077-97-0002,"689 Charles Mission
West Jackburgh, SC 75706",N,miles
27,Monica Montgomery,008-21-0344,"01313 Jessica Cove
Reynoldschester, IN 17956",N,miles
28,Joseph Lopez,333-25-0337,"0767 David Walk Apt. 808
Andrewland, MS 65824",N,miles
29,Brandon Smith,134-68-4519,"9897 Davis Rapids
Shellyshire, WV 97286",Y,hours
30,George Marks,819-88-4893,"523 Theresa Meadows
Lake Timothyview, VA 44124",Y,hours
31,Joe Bailey,575-81-4778,"69063 Hurley Dam Apt. 296
South Melissaville, TN 74595",N,hours
32,Laura Park,392-17-9534,"16248 Lin Flat Apt. 593
Kristyland, PW 15469",Y,hours
33,Tracy Williams,500-98-3321,"3132 Suzanne Ferry
Wilsonberg, OH 16890",N,hours
34,Cassandra Wright,312-81-8045,"757 Mccormick River
Laurieland, DC 87508",Y,hours
35,Kathryn Ramos,035-89-8949,"82552 Parks Vista
New Tiffany, FL 69617",Y,miles
36,Michael Tucker,570-20-5276,"49692 Andrea Park
Port Thomasview, NV 63934",N,miles
37,Lisa Romero,165-91-1270,"6606 Johnson Forge
New Vickiburgh, MO 49480",Y,hours
38,John Edwards,860-62-8745,"510 Tony Plaza
Heatherstad, OK 71784",N,miles
39,Kaitlyn Madden,201-41-0299,"59258 Wilkins Hollow Apt. 192
Lake Christina, ID 83418",N,miles
40,Marissa Howard,150-70-0691,"8808 Angela Courts Apt. 575
East Michael, MN 57407",N,miles
41,Michael George,827-43-1866,"79302 Patrick Courts Apt. 160
Keithview, RI 80616",N,miles
42,Joshua Mcpherson,076-46-3126,"087 Roach Cliffs Apt. 327
Lake David, NC 64311",N,hours
43,Leroy Kennedy,068-33-3206,"367 Michele Shore Apt. 843
Karenbury, DC 89084",N,miles
44,Dakota Harris,582-46-4519,"227 Watson Parks
Dyerport, IA 05033",Y,hours
45,Christine Palmer DVM,858-66-6060,"80401 Diaz Meadows
Donnaborough, HI 13186",Y,hours
46,Henry Martin,849-70-2638,"14275 Tony Plain Apt. 016
Ambermouth, PA 74551",Y,miles
47,Jesse Weaver,490-29-2686,"854 Martin Burgs
Williamsonstad, FL 72469",N,miles
48,Darren Robles,830-12-8555,"091 Vincent Turnpike
South Justinview, MN 21296",N,hours
49,Martha Patterson,557-23-7132,"10565 Jeanette Shore
Jamesport, MD 84784",N,miles
50,William Farrell,172-49-0633,"2889 Jones River
Spearsburgh, MN 00555",N,miles
51,Kathleen Thompson,024-32-3980,"36440 Chang Wells Suite 170
Valenzuelashire, AZ 81475",N,hours
52,Teresa Mullins,423-96-8466,"50222 Ramirez Pike
Whitefurt, AL 41794",N,miles
53,Heather Ross,460-29-8586,"051 Miranda Centers Suite 928
Davidland, CT 87054",Y,hours
54,Sandra Smith,568-21-2083,"16990 Estrada Corners
Moranmouth, AK 83091",N,miles
55,Brooke Mcgee,024-68-9183,"1406 Johnson Orchard
Bateschester, AS 68498",N,miles
56,Stanley Allen,127-04-3271,"Unit 2511 Box 1067
DPO AA 63117",Y,hours
57,Jonathan Ross,887-50-4910,"484 Jesus Land
West Johnchester, OR 04753",Y,miles
58,Nicholas James,555-90-0991,"13285 Anderson Ramp Suite 129
West Priscillachester, MS 47277",Y,hours
59,Dr. Leonard Webb,067-08-7204,"2537 Calvin Island
Andersenhaven, AZ 64999",N,miles
60,Toni Scott,066-21-1340,"44282 Owens Mountains
Hernandezhaven, AS 51490",N,miles
61,Jesus Sanders,746-46-5726,"18959 Garrison Islands Suite 206
Penamouth, NE 31218",N,miles
62,Natalie Baker,194-42-7450,"4362 French Drive
Lake Tamara, NJ 86953",Y,hours
63,Tina Montoya,156-24-4547,"5109 Galvan Divide
Kanetown, WV 64052",Y,miles
64,Kathleen Sandoval,056-44-5686,"6976 Justin Courts Suite 514
West Mary, AL 95696",N,miles
65,Miranda Warner,871-45-0281,"1553 Leroy Manors
New Gregoryshire, AK 49678",N,hours
66,Albert Anderson,360-56-7958,"39962 Matthews Alley
Willistown, OH 26397",Y,hours
67,Jesus Peterson,525-55-3875,"3923 Marshall Passage Apt. 352
Ryanshire, KS 12700",Y,hours
68,Lauren Grimes,040-15-2566,"6984 Harris Estate Apt. 453
South Stephanie, NM 99199",N,hours
69,Hannah Odonnell,166-58-1439,"2939 Sanchez Circle Apt. 331
Deannaland, WA 96960",N,hours
70,Grant Livingston,779-23-6553,"4122 Patel Ville Suite 424
Butlerfort, OK 18520",N,miles
71,Courtney Burnett,035-71-6939,"7133 Roberts Springs
Jenningsstad, ME 16567",N,hours
72,Michael Lambert,333-96-1369,"PSC 2458, Box 8926
APO AP 45650",Y,miles
73,Sara Graham,141-69-0155,"69489 Grant Ranch Suite 122
Richardfort, NE 44715",N,hours
74,Kimberly Sanders DDS,539-06-6880,"627 Michelle Islands Apt. 751
West Amyberg, PA 96132",N,miles
75,Megan Sloan,038-38-8615,"955 Martinez Ways Suite 042
Port Isabeltown, HI 23120",N,hours
76,Stephen Vincent,374-04-8139,"77570 Harvey Cliffs Apt. 313
West Douglasmouth, TX 65916",N,hours
77,Amanda Rocha,092-81-1972,"635 Ferguson Prairie Suite 600
East Felicia, NV 35435",N,hours
78,Aaron Green,655-86-6232,"85714 Nichols Forest Apt. 290
Sarahbury, VA 75102",Y,miles
79,Margaret Sawyer,052-32-6321,"46732 Ramsey Glen
New Jonathanside, AL 29892",N,miles
80,Zachary Wilson,790-40-8254,"442 Savage Mountain
Phillipsville, NM 85597",Y,hours
81,Michele Newton,276-98-1500,"90994 Pope Lodge Suite 561
Shawnhaven, ME 25661",Y,miles
82,Peggy Moss,236-77-7916,"7181 Jonathan Gardens
Port Brian, SC 66400",Y,hours
83,Stacy Griffith,308-33-0505,"591 Joshua Vista
Port Thomas, CO 53705",N,hours
84,Peter Randall,801-55-5621,"5472 Ann Court
South Heather, CA 60792",Y,miles
85,Joseph Williams,246-09-8013,"0561 Alexander Burgs
Pricehaven, VI 32204",Y,hours
86,Anna Woodward,757-28-9037,"USCGC Henderson
FPO AP 80313",N,miles
87,James Villarreal,571-47-3796,"275 Pope Pines
West Amandaland, MN 63850",N,hours
88,David Oneal,784-40-9690,"71450 Wright Shore Apt. 707
Smithbury, LA 32787",Y,miles
89,Leslie Howard,801-12-6426,"490 Burns Shoal
East Oliviastad, FL 11692",Y,hours
90,Mary Nixon,189-63-6627,"084 Anita Curve Suite 566
Roblesport, ID 24633",Y,miles
91,Thomas Hubbard,147-50-2662,"2596 Hernandez Pike Suite 634
Angelashire, MN 05200",Y,hours
92,Audrey Figueroa,100-31-7367,"3680 Carter Hills
Castanedaville, MT 44023",Y,miles
93,John Reynolds,426-59-5110,"1548 Alfred Tunnel
Port Craig, AR 80910",N,miles
94,Brandy Haynes,538-23-5779,"5815 Nathaniel Hill
Lake Elizabeth, PR 41669",N,miles
95,Donald Davis,757-73-4577,"36527 King Wells
Christopherland, TX 36943",Y,miles
96,Joseph White,384-03-3593,"73534 Walker Brooks Suite 481
Lake Tamara, OH 89043",Y,hours
97,Mary Kirk,085-92-3319,"65492 Megan Wells Apt. 561
Alexandershire, TX 62342",N,hours
98,Sara Adams MD,800-78-5954,"8589 Hannah Grove
Mcmahonstad, DE 57822",N,hours
99,Shelby Jackson,227-69-7776,"76324 Ortega Bridge Suite 552
Hunterberg, ND 51298",Y,hours
100,Christopher Turner,761-44-9807,"113 Samantha Curve Apt. 794
Katherineberg, UT 44708",N,hours
101,Timothy Thomas,562-18-4302,"8728 Brian Expressway
West Scottmouth, NY 84806",Y,miles
102,Stephen Nash,226-73-1579,"1755 Pitts Radial Apt. 555
South David, NV 09578",Y,hours
103,Scott Jackson,564-58-0993,"270 Jesus Manors
North Gregoryport, SD 09164",N,hours
104,James Lewis,161-62-8249,"1804 Alicia Unions
Lake Courtney, AS 72105",Y,miles
105,Mark Gomez,665-91-3323,"57031 Morgan Plaza Suite 415
Dennismouth, NV 12702",Y,hours
106,Tommy Riley,810-95-6840,"47264 Morris Manors Apt. 532
East Sarahfort, WY 01114",N,hours
107,Jamie Rodriguez,204-95-5669,"87881 Ortiz Islands Apt. 831
Rachaelland, OH 60748",Y,miles
108,Scott Carpenter,680-25-2924,"13861 Holland Union
Port Kathyport, MT 23181",N,miles
109,Teresa Villa,237-83-3088,"134 Cantrell Harbor
New Nancy, MI 81443",Y,miles
110,Jasmin Clark,468-51-2023,"23663 Jennifer River Suite 540
Loweburgh, IN 85314",N,hours
111,Jennifer Burke,414-92-6187,"38452 Carrillo Knoll
Joanfort, FM 01907",N,miles
112,Laura Willis,311-56-2402,"84078 Wesley Loop Suite 985
North Carloschester, WY 63740",N,hours
113,Alicia Rojas,770-09-6614,"Unit 5372 Box 6536
DPO AA 42105",N,miles
114,Linda Brock,882-44-8082,"600 Gibbs Dale
Freemanfurt, AK 91072",Y,hours
115,Stephanie Crawford,030-45-8589,"0962 Ariel Dale Suite 194
New Mikaylatown, AR 00863",Y,hours
116,Mr. Brandon Miller,650-50-6954,"93696 Amy Road
Patriciaton, WV 39943",Y,hours
117,Robert Miller,073-37-1741,"456 Roy Islands
Johnsonburgh, IL 03525",Y,hours
118,Robert Morrison,779-27-3410,"74362 Washington Tunnel
Thompsonbury, MI 59266",N,miles
119,Karen Friedman,553-48-7601,"592 Lindsey Canyon
North Kevin, PR 21020",Y,hours
120,Adam Johnson,410-42-1825,"Unit 5767 Box 2010
DPO AA 71697",N,miles
121,Clinton Moss,749-72-4902,"39501 Lynn Landing Suite 889
Danielsburgh, AZ 71066",Y,hours
122,Diana Cross,223-44-2273,"43276 Costa Springs
Timothyport, KS 24733",N,hours
123,Matthew Walters,226-19-7952,"759 Andrew Forks
Petersonfurt, KY 31374",Y,hours
124,Keith Carter,495-53-6753,"0286 Williams Course
Jasonland, NE 48474",Y,miles
125,Jerry Mcclure,641-66-9909,"3155 Elizabeth Tunnel Apt. 415
Phillipsland, IA 72525",Y,hours
126,Susan Cruz,825-09-6569,"86214 Anderson Circles
Dillontown, WY 14223",N,hours
127,Julie Marshall DVM,746-74-2009,"5927 Chavez Light Apt. 900
Staceyland, MI 63397",Y,miles
128,Collin Bailey,094-17-3362,"326 Murray Summit Suite 727
Angelashire, IL 01846",Y,miles
129,Steven Bennett,757-07-5616,"77787 Meyer Burgs Suite 919
Greenland, KY 73003",Y,miles
130,Stacy Williams,585-45-2441,"7034 Bradley Corners
Port Christina, VA 90616",N,hours
131,Lindsey Reeves,792-40-8513,"6662 Brian Corners Suite 926
Fordmouth, ME 19600",N,hours
132,Lisa Castro,088-07-8647,"2101 Murphy Meadow
Port John, GA 67328",Y,hours
133,Monica Leach,272-97-0920,"5651 Colon Inlet Suite 672
North Laura, AZ 45116",Y,hours
134,Jillian Nguyen,710-59-7404,"1874 Pierce Loaf
Meganshire, PA 08496",N,miles
135,Michelle Stuart,037-77-5897,"7562 Jeremy Fork Suite 007
Ashleeville, KS 26915",N,miles
136,Lisa Martin,517-60-3236,"443 Thomas Parkway Suite 853
New Vanessafurt, AS 93751",Y,hours
137,Adam Barry,773-62-3788,"USCGC Francis
FPO AE 75068",Y,miles
138,Matthew Park,227-50-9668,"6614 Brandi Harbor
New Christineside, MN 39737",Y,miles
139,Jeffrey Lopez,303-13-3515,"2469 Michael Light Suite 313
Garzaville, AL 12423",N,miles
140,Kristin Cochran,238-34-1949,"20063 Susan Courts Suite 909
Wrightbury, TX 26906",Y,hours
141,Adam Parker,473-92-3960,"9794 Day Plain
Williamsonland, ME 60031",Y,miles
142,Michael Thornton,478-92-6493,"028 Alexander Road Apt. 860
Jeremybury, DE 87244",N,miles
143,Jennifer Johnson,344-27-5884,"8936 Jeffrey Divide
Johnsonport, AK 12215",N,miles
144,Adam Hunt,455-87-5787,"2662 Christopher Passage Suite 212
Jamesberg, NH 63924",Y,miles
145,Jennifer Campos,108-45-5219,"42349 Joshua Ports Apt. 718
Sarahport, MN 12668",Y,hours
146,Timothy Moreno,458-52-2062,"80591 Cain Junctions
Lake Erika, MO 48760",Y,hours
147,Todd Frazier,878-75-1097,"59049 Gina Forks
South Kellyton, WI 06603",N,miles
148,Michael Jacobson,356-84-1753,"81276 Andrea Points Apt. 288
New Jonathanland, MH 17459",N,hours
149,Nicole Rogers,461-51-6580,"0487 Smith Orchard
Gravesburgh, NC 04839",Y,miles
150,Kyle Lane PhD,372-20-2259,"03307 Ball Spurs
Meganview, MI 18888",Y,miles
151,Kenneth Bowman,467-40-8147,"044 Nancy Valley Apt. 592
Jenniferfort, SD 84260",N,hours
152,Jasmine Pugh,438-93-6305,"10916 Rebecca Spur Apt. 774
Frankfurt, CA 63296",Y,miles
153,Michele Haynes,656-12-5577,"24020 Shawn Neck Apt. 073
Mariohaven, VI 75551",Y,miles
154,Cheryl Daugherty,707-43-5588,"4756 Melissa Crossroad
Nataliemouth, DC 80921",Y,miles
155,James Anderson,496-23-9621,"60807 Johnson Corners
Kingfurt, NM 96122",N,hours
156,Robert Chang,668-66-7662,"Unit 3377 Box 7151
DPO AP 04744",Y,miles
157,Jasmine Baker,349-07-8488,"9784 Christina Manors
South Matthew, MT 58184",N,miles
158,Gerald Ross,183-35-8814,"336 Jacobs Lights
North Derek, VT 89943",Y,miles
159,Barbara Hart,232-07-3681,"537 Murphy Rapid
Josephtown, CO 66993",N,hours
160,Mark Braun,351-22-3492,"943 Clay Skyway
South Kelseyland, GU 32102",Y,hours
161,Michael Anderson,862-07-3173,"49626 Charles Crossroad
Lake Lawrence, IA 21033",Y,miles
162,Anthony Thomas,555-38-6412,"14758 Robert Island
Lake Jon, DE 73125",N,miles
163,Thomas Chambers,684-54-0581,"USNV Stephenson
FPO AE 91029",N,hours
164,Robert Chapman,797-41-0368,"5717 Lindsey Crossroad
Wellsstad, AS 88643",N,hours
165,Allison Brooks,449-44-9876,"6166 Jones Place
East Timothyton, MT 58814",N,hours
166,Jason Erickson,746-55-9221,"4026 Stone Center Suite 545
Dawnburgh, CA 41093",N,miles
167,Ann Moore,746-34-5711,"355 Timothy Extension Suite 213
Wolfmouth, HI 57936",Y,miles
168,Megan Browning,460-88-3084,"0914 Dawn Mill
Wallacefort, AL 37680",N,miles
169,David Perry,052-69-7298,"3398 Tracy Crossing Suite 109
West Paulville, ID 04344",N,miles
170,Wesley Wilkins,787-72-8625,"75906 Briggs Passage Apt. 818
Bridgetshire, RI 49749",Y,miles
171,Nicholas Jones,274-21-6957,"758 Wendy Centers Suite 784
Lake Jason, NE 51936",N,hours
172,Jennifer Maxwell,048-34-2974,"600 Butler Turnpike
East Dawnville, OH 51506",N,hours
173,Keith Fischer,356-33-7237,"126 Garcia Square
Meltonton, FL 34564",N,hours
174,Joshua Peters,680-45-0485,"902 Elliott Common Suite 487
Ericport, VA 51991",Y,hours
175,James Mason,085-98-8501,"32214 Wyatt Village
Lake William, CT 18900",N,hours
176,Carrie Fernandez,532-15-3808,"68631 Stephen Skyway Suite 876
Nelsonmouth, GU 73076",N,hours
177,Sonya Moody,274-12-4804,"69169 Gregory Centers
Smithmouth, MH 62464",Y,miles
178,Matthew Lane,897-31-9038,"688 Mark Plaza
North Michael, NH 69271",Y,hours
179,Dylan Saunders,755-06-9625,"74971 Edwards Ports Apt. 490
South Patrickborough, IL 78226",N,hours
180,Jose Santana,595-41-7857,"12046 Brown Pike Apt. 562
Port Michael, VA 32013",Y,miles
181,Lisa Mcdonald,490-49-0185,"804 Scott Oval
Mayotown, NJ 80692",Y,hours
182,Mrs. Angela Ayala,020-85-0783,"USCGC Ellis
FPO AA 62642",Y,miles
183,Marcus Miller,891-89-1511,"856 Fry Overpass Suite 306
Port Anamouth, NE 82454",N,hours
184,Denise Blevins,881-72-2597,"2023 Justin Drive
West Haydenview, NH 68280",Y,hours
185,Adam Davis,497-81-3992,"9358 Valerie Oval
Port Joseph, CO 40626",N,miles
186,Henry Montgomery,005-81-0236,"6627 Brady Spring
South Laurenside, AR 39125",N,hours
187,Kimberly Romero,857-25-5627,"69593 Mark Estate
Port Dennismouth, NJ 32069",N,miles
188,Alyssa Mcintosh,354-46-6372,"4553 Valdez Point
Port Paulbury, LA 60842",Y,miles
189,Lisa Gonzalez,665-76-2041,"00619 Anderson Corner Apt. 922
Fosterbury, LA 86664",N,miles
190,Danielle Jacobson,757-86-8904,"0747 Johnson Creek Suite 888
Gabriellehaven, WA 91622",N,miles
191,William Johnson,521-57-8529,"85619 Johnson Ville
Dawnfort, RI 53281",N,hours
192,David Singh,326-60-4231,"90621 Thomas Garden
Strongstad, NC 77760",Y,miles
193,Michael Thompson,038-98-4045,"1474 Turner Plaza Apt. 708
New Amber, LA 36816",Y,miles
194,John Ramos,110-27-5828,"2054 Sarah Common
Brianview, MD 01011",Y,miles
195,Ashley Bird,466-22-7881,"9357 Teresa Freeway Apt. 085
East Roystad, AR 77067",Y,hours
196,Kimberly Francis,182-20-4450,"9296 Martin Drives
Guybury, VT 17985",N,miles
197,Richard Harrington,222-55-7530,"7861 Robert Radial Suite 765
New Kellyborough, PA 19063",Y,miles
198,Timothy Allen,208-85-3763,"846 Dixon Park
Robertstown, RI 67400",N,miles
199,William Cortez,695-63-8989,"38459 Karen Forge Apt. 377
New Desiree, TN 97933",N,miles
200,Ellen Ross,526-76-9068,"32910 Barron Mission
West Jennifer, NJ 59356",N,miles
201,Douglas Pineda,143-54-1994,"44552 Villarreal Circle Apt. 254
Campbellfort, WV 59547",Y,hours
202,Michelle Smith,405-07-0830,"384 Dunn Vista
East Anthony, CT 30352",Y,hours
203,Jessica Franklin,156-77-9794,"47795 Lisa Freeway
Dianeberg, IA 72235",Y,miles
204,Christopher Huff,774-84-8090,"422 Thomas Wall
West Robert, GU 23223",N,miles
205,Amy Parker,500-54-2854,"00115 Johnson Mall Suite 614
New Jared, VI 53420",Y,miles
206,Jessica Miles,108-52-6618,"Unit 4624 Box 1234
DPO AA 99724",Y,hours
207,Tara Whitehead,812-90-5896,"0676 Emily Row
Christopherfurt, VT 98211",N,hours
208,Samuel Irwin,500-26-3606,"Unit 3479 Box 8332
DPO AP 52484",N,hours
209,Edgar Brown,501-64-9418,"2685 Doyle Islands
Port Donnamouth, PR 58023",Y,hours
210,Richard Lane,529-76-3992,"18360 Lam Junctions
West Amanda, MO 40710",N,hours
211,Shannon Jones,553-32-5959,"83926 Jessica Loaf
South Stephanieburgh, MT 75006",Y,hours
212,James Romero,787-49-9971,"3054 Sanchez Mall Apt. 540
Nicoleland, AR 09781",N,miles
213,Robert Grant,863-26-2016,"748 Michael Vista
Edwardsberg, MA 09430",N,miles
214,Alexander Cortez,230-67-7359,"115 Harmon Ville Apt. 396
South Sherri, DC 89342",N,hours
215,Stephanie Hunt,645-85-5968,"65547 Barnett Roads Suite 204
Rossville, OK 50739",N,hours
216,Corey Pollard,584-56-0859,"7056 Stewart Way Apt. 641
Julialand, NE 51670",Y,miles
217,Jeffrey Mckay,295-82-7208,"9296 Goodwin Valleys Apt. 745
Ortizmouth, PR 27077",N,hours
218,Carol Taylor,074-05-9627,"06798 Park Brooks Suite 914
Port Dustin, SC 66330",Y,miles
219,Melissa Spence,850-27-0522,"Unit 3443 Box 6930
DPO AA 32469",Y,miles
220,Mark Stephenson,128-46-4045,"53039 Stevens Lock Suite 305
West Daniel, GU 45168",N,hours
221,Carl Martinez,425-29-9539,"8089 Barry Avenue
Silvaborough, HI 43163",Y,hours
222,Stefanie Knox,535-24-5848,"PSC 5283, Box 3935
APO AA 73683",Y,hours
223,Allison Sanchez,116-38-8359,"18901 Snyder Way Suite 511
Hendersonchester, OK 06514",Y,hours
224,Holly Scott,234-92-7368,"USCGC Ayala
FPO AP 55496",N,hours
225,Jason Thompson,071-86-8989,"6614 Miranda Junction
Mandyport, RI 73387",Y,miles
226,Julian Wallace,048-10-3659,"50717 Waller Course
Cisnerostown, GA 84917",N,miles
227,Jodi Newton,726-84-1304,"Unit 3117 Box 1022
DPO AE 31500",N,hours
228,Ashley Diaz,382-15-7513,"3257 Bell Summit
Underwoodmouth, MO 83777",N,miles
229,David Walker,874-73-1610,"288 Christopher Springs Apt. 701
Fieldsside, CA 56539",Y,miles
230,Lisa Benson,702-27-6149,"025 Jeffrey Canyon Suite 683
Katherineview, FM 85227",Y,miles
231,Heather Castro,847-69-7724,"33859 Ryan Ranch Apt. 760
North Allen, WI 64936",Y,miles
232,Kathryn Garrett,089-18-6934,"38045 Brown Ridges Suite 134
East Lynn, GU 98686",Y,hours
233,Denise Castro,478-57-7504,"576 Gonzalez Creek
Alisonborough, MN 35385",N,miles
234,Courtney Williams,516-59-2366,"619 Parker Flats Suite 027
New Randalltown, MA 15666",N,hours
235,James Gordon,094-42-6872,"73244 Howard Springs Apt. 200
Timothychester, IL 55049",Y,miles
236,Christopher Cunningham,668-62-8690,"69297 Alicia Stream
Lake Blakeside, OR 01636",Y,hours
237,Laura Hull DDS,642-57-5122,"26650 Munoz Canyon Apt. 904
Lake Jennifer, DC 57510",Y,hours
238,Justin Dean,018-36-6096,"32041 Jacob River Apt. 839
South Jaimeberg, SC 88489",Y,hours
239,Ian Williams,694-77-3066,"37881 Troy Village
South Heatherport, TX 40137",N,hours
240,Stephanie King,125-72-1614,"754 Richard Stream Suite 495
New Waynefort, PW 89011",N,hours
241,Logan Mclean,137-11-9681,"3475 Lane Parkway Suite 717
Michaelberg, TX 65680",N,hours
242,Frank Cunningham,259-88-3751,"509 Williams Drive
Port Carl, MS 81410",N,miles
243,Nicholas White,869-96-0810,"54261 Andre Mill
South Jennifer, NJ 09184",Y,miles
244,Omar Cooper,098-51-5024,"28794 Rodriguez Falls
Craigview, NY 77337",Y,hours
245,Christopher Williams,385-57-7079,"12576 Hart Meadow Apt. 456
South John, AZ 59516",Y,miles
246,Paul Reed,189-94-5227,"PSC 7432, Box 9291
APO AA 85698",Y,miles
247,Ryan Rivera,175-83-0289,"3218 Key Plaza Suite 322
Manuelberg, UT 79152",Y,hours
248,Ryan Harrison,586-25-0443,"437 Michael Islands Apt. 191
West Scott, NE 90657",Y,miles
249,James Phillips,462-10-0072,"009 Vincent Burg Apt. 155
Lake Andrew, VA 87573",Y,hours
250,Elizabeth Jones MD,475-48-5979,"12974 Paul Road Apt. 472
East Samantha, MS 43602",N,hours
251,David Rojas,133-34-7942,"27400 Kristin Landing Suite 392
East Deborahton, PW 04504",N,hours
252,Tara Herrera,357-92-0927,"PSC 3494, Box 6564
APO AA 07235",Y,hours
253,Johnathan Mcdaniel,167-46-3094,"Unit 6688 Box 9594
DPO AP 06034",Y,miles
254,Erica Miller,585-66-1718,"569 Jason Pike Suite 642
Theresaton, NY 18961",Y,hours
255,Justin Sanchez,393-87-2661,"19234 Taylor Field
Lauraview, IA 95754",Y,hours
256,Jeffery Douglas,022-45-7651,"6648 Tracy Groves Apt. 850
Zamoraville, IA 99215",Y,hours
257,Olivia Wilson,765-82-4513,"470 Carlson Street
New Sharonmouth, AZ 37308",N,miles
258,Isaac Barnes,531-73-0447,"2428 Debbie Creek Apt. 859
Jesusshire, AR 92662",Y,miles
259,Christopher Greer,798-70-2306,"946 Joseph Stravenue
Peterberg, RI 73355",N,hours
260,Lisa Reed,745-31-9487,"130 Jacob River Apt. 233
Lake Davidport, MO 36526",N,hours
261,Joe Daugherty,371-89-4694,"1209 Christine Falls
Meganside, IL 06744",Y,hours
262,Peggy Goodwin,870-09-9820,"4879 Tran Spurs Apt. 187
Christopherbury, MD 58696",N,hours
263,Walter Padilla,402-18-9942,"5445 John Spur Suite 402
Lake William, OR 45343",N,miles
264,Lucas Sosa,406-38-5481,"838 Dean Loaf
Mistyfurt, AL 02532",N,hours
265,Sarah Rose,420-97-1363,"061 Sanders Knoll
West Aprilchester, KY 34420",N,hours
266,Alyssa Gray,007-24-4347,"3878 Holly Falls
Port Michael, HI 69541",N,hours
267,Susan Clark,400-21-8818,"75041 Walker Cliffs Apt. 454
Port Brianmouth, MS 20464",N,miles
268,Tom Nguyen,473-99-7822,"Unit 7115 Box 8289
DPO AE 63921",Y,hours
269,Dr. Thomas Lynch III,265-27-0624,"69377 Ford Burg
Lake John, MO 68769",N,hours
270,Jason Beltran Jr.,581-97-0854,"81637 Cesar Field Suite 427
Geneborough, OR 33327",Y,hours
271,Michael Black,871-71-1587,"257 Mike Wells Apt. 900
Debbiemouth, FL 86993",N,hours
272,Danny Powers,279-16-8160,"1880 Lisa Lake
Millerhaven, SC 15582",Y,miles
273,Tracey Mueller,706-87-9984,"PSC 3509, Box 7243
APO AE 83062",N,hours
274,Scott Fritz,170-41-0863,"410 Jon Centers Suite 770
Kristinbury, MI 75642",N,hours
275,Gordon Jordan,675-32-7512,"55489 Tucker Expressway
New William, HI 15106",Y,miles
276,John Frank,492-81-4696,"PSC 9061, Box 6558
APO AP 82495",Y,hours
277,Hunter Miller,804-15-3270,"679 Jennifer Harbors
East Jessica, PW 46595",Y,hours
278,Adam Huber,524-82-8188,"3094 Melissa Motorway
Joshuamouth, FL 54650",N,miles
279,Chad Fletcher,806-79-3195,"03847 Kelsey Hollow
Kaylachester, VA 23502",N,miles
280,Destiny Porter,653-03-2113,"1492 Graham Ferry
Port Courtney, NH 98594",Y,hours
281,Stephanie Hayes,100-50-1122,"700 Garcia Lights Suite 138
Lake Donnaport, NM 41688",N,hours
282,Heather King,757-01-7872,"0321 Howard Squares Suite 418
West Rosechester, CO 12995",Y,miles
283,Tyler Newman,111-59-8527,"9547 Rachel Row Apt. 864
West Brendamouth, AS 98427",Y,miles
284,Whitney Keith,132-86-0914,"930 Kimberly Springs
Edgarbury, RI 77644",N,miles
285,Melissa Flynn,068-47-0548,"105 Werner Circle
Anthonyville, ME 40789",Y,hours
286,Lauren Trujillo,131-72-4921,"PSC 6625, Box 6589
APO AA 10889",Y,hours
287,Melissa Travis,795-30-5893,"490 Griffin Extensions
Port Tiffanyberg, ND 40662",N,miles
288,Kristopher Morrison,122-69-6324,"922 Bryant Fall Suite 534
New Amytown, VI 12276",N,hours
289,Jonathan Bowman,661-49-7086,"02829 Brown Lodge
South Erin, OK 20860",Y,hours
290,Rachel Carey,407-24-0989,"630 Joseph Hill
Cheryltown, KS 42005",Y,hours
291,Carol Watkins MD,837-25-9519,"756 Larson Expressway
Port Aaronshire, AS 25929",Y,hours
292,David Cowan,446-76-4871,"16472 Kayla Loaf Apt. 200
Harveyview, WV 64344",N,hours
293,Timothy Cameron,824-25-9198,"06676 Phillips Fords Apt. 205
Kimbury, TN 72958",Y,hours
294,Jacob Ingram Jr.,584-92-1703,"57206 Jones Crossing
Haleyhaven, WY 65245",N,hours
295,Amber Howard,573-03-3814,"807 Corey Lights
Hallburgh, MS 43589",Y,miles
296,Teresa Collins,076-64-8462,"877 Nathan Unions Suite 721
South Ericview, AS 85200",Y,miles
297,Jose Norris,196-50-1423,"845 Misty Pass
Snydermouth, ME 45353",Y,hours
298,David Kane,247-50-7446,"21921 Joshua Junctions
East Deniseton, MA 22777",N,miles
299,Mike Singleton,599-18-7866,"84502 Campbell Islands Suite 624
Lake Sherriland, GA 59599",Y,miles
300,Charles Lucas,337-57-8369,"3985 King Tunnel
New Kristenton, NH 47268",Y,hours
301,Julia Shah,064-66-1115,"73627 James Roads Suite 644
Port Ericshire, AK 16151",Y,miles
302,Jon Sanchez,745-10-7124,"28214 Bridges Union
Lake Billyside, GU 25079",Y,hours
303,Cheryl Martin,818-87-5415,"7722 Cunningham Crescent Apt. 826
Lake Joshuaside, GA 20410",Y,miles
304,Todd Turner,720-58-4963,"902 Deborah Ridge Suite 291
Mooreborough, WV 15713",Y,miles
305,Tiffany Martinez,561-07-8491,"813 Hoover Track Suite 280
Wrightbury, HI 90310",Y,hours
306,Krystal Obrien,746-67-1549,"3882 Becker Bypass Suite 274
Caseyberg, MP 09765",N,hours
307,Donna Walton,534-61-7016,"92154 Michael Lights Suite 679
East Emmaville, UT 27668",Y,hours
308,Steven Robinson,763-42-3806,"6219 Wheeler Centers
West Robert, MT 50175",Y,hours
309,Sandra Mcfarland,747-78-7898,"498 Kelley Summit Apt. 857
South Jeremyfurt, MH 10427",Y,miles
310,Michael Deleon,006-19-1585,"337 Herman Haven Apt. 705
Davidberg, DE 57610",Y,miles
311,Melissa Robertson,348-33-3111,"75422 Smith Divide Suite 507
Williamston, MN 07333",N,miles
312,Joseph Horn,352-99-5979,"99156 Stark Greens
New Tarachester, TX 28601",N,miles
313,John Hunt,795-02-4451,"389 Beck Tunnel Apt. 559
Taraton, ME 79106",N,hours
314,James Harrington,255-59-1109,"39607 Navarro Forest
Jacobmouth, GU 82757",N,miles
315,Elizabeth Phillips,599-93-6861,"310 Chandler Pines Apt. 161
Woodstown, PR 35814",Y,miles
316,Cameron Gomez,286-59-1151,"USNS Galvan
FPO AE 69864",N,hours
317,Patricia Price,470-81-4654,"01593 Prince Skyway Apt. 041
Martinezchester, GA 26977",N,hours
318,David Bond,108-05-2749,"15040 Wilson Junctions Suite 260
Pierceview, TX 57693",Y,hours
319,James Fritz,651-63-7909,"000 Henry Forge Suite 043
South Morganberg, OH 55777",Y,miles
320,Anthony Anderson,467-19-7950,"15335 Karen Park
Lisaview, LA 17910",Y,miles
321,Taylor Horn,193-12-5954,"067 Karen Fords Apt. 330
West Tim, IA 13934",N,miles
322,Aaron Bailey,375-54-9491,"PSC 9477, Box 4048
APO AE 86681",N,miles
323,Cole Moore,574-35-1512,"363 Kristi Canyon
West Brendafurt, AR 48916",Y,miles
324,Tanya Maynard,878-55-1205,"38236 Jimenez Ramp Suite 384
Lake Georgemouth, ID 52994",N,hours
325,Erik Ford,768-22-1630,"987 Blevins Well
Michaelchester, SC 80418",N,miles
326,Aaron Townsend,595-76-7551,"Unit 8914 Box 3693
DPO AP 27075",Y,miles
327,Nicholas Warren,287-12-0737,"84602 Christina Lights Suite 200
Carlsonville, FL 82369",Y,hours
328,Bruce Jacobs,340-35-8350,"Unit 8960 Box 6599
DPO AP 82004",N,hours
329,Lisa Robinson,208-41-2897,"973 Julie Loop
Lake Amberland, MH 02292",N,miles
330,Paul Mason,101-11-3916,"31957 Tony Bypass
West Ana, LA 39645",N,hours
331,Jamie Perez,591-89-8105,"082 Jackson Squares
Daniellehaven, WY 91536",N,miles
332,Elizabeth Haas,787-88-0534,"690 Spencer Parks Apt. 353
Hortonton, CO 81214",Y,hours
333,Linda George,553-15-3939,"05940 Berry Mountains Apt. 813
South Amanda, KS 76162",N,miles
334,William Williams,838-63-0299,"15887 Isaac Inlet
East Michaelburgh, NJ 28449",Y,hours
335,Shawn Madden,526-18-9458,"77834 Jones Place Suite 522
Bernardshire, IL 08438",Y,hours
336,Lisa Miller,308-20-3491,"392 Reid Drive Apt. 783
Marissaburgh, FM 87122",Y,miles
337,Randy Burch,248-52-3072,"5437 Calhoun Camp Suite 097
Lake Jason, PW 21513",Y,hours
338,Adrian Scott,216-45-5485,"51405 James Plaza
Lake Jeffrey, SD 76104",Y,hours
339,Justin Hall PhD,147-57-6191,"08656 Nicholas Glens Suite 729
East Randyshire, NJ 58569",Y,miles
340,Michael Gross,747-86-3061,"24555 Shelby Station Suite 987
East Andrew, AS 76327",Y,hours
341,Kristen Gonzalez,543-67-7567,"2966 Mckay Brooks Apt. 494
Patriciastad, KY 56149",Y,miles
342,Benjamin Murray,504-64-3661,"32057 Garrett Dam Suite 217
Underwoodland, GU 54307",N,miles
343,Brian Cox,123-91-0602,"472 Rivera Passage Suite 079
South Katiemouth, LA 26473",Y,hours
344,Miranda Williams DDS,512-16-4017,"04331 Rodriguez Trail Suite 979
Adamborough, PA 41347",Y,miles
345,Kelly Washington,359-67-2398,"1469 Robin Run Apt. 512
New Ryanton, RI 45269",Y,hours
346,Michelle Peterson,710-68-0547,"41073 Emily Route
Marybury, AZ 65795",Y,miles
347,Jill Stone,028-16-0931,"8088 Johnson Club Apt. 699
Reidberg, FM 90094",Y,hours
348,Gary White,447-85-9972,"63618 Lori Views Suite 467
North Paula, CA 98495",N,miles
349,Kelly Hernandez,661-44-3424,"82238 West Lane Apt. 843
East Patrick, RI 81087",N,miles
350,Linda Carter,430-94-6775,"2629 Patricia Junction Apt. 261
Lake Dylanmouth, UT 14326",Y,hours
351,Andrew Sandoval,290-07-4771,"069 Nicholas Courts
Port Olivia, ME 03642",N,miles
352,Maria Perry,196-37-1833,"04875 Stephen Hollow Apt. 926
Candicechester, MN 32329",N,hours
353,Derek Rose,447-37-0187,"99892 Richard Mews
Phillipsborough, TX 79216",N,hours
354,Jennifer Woodward,416-36-8708,"PSC 4031, Box 1653
APO AE 22169",N,hours
355,Brittney Chandler,134-47-5159,"6764 Hopkins Unions
South Erikview, HI 12186",N,miles
356,Joann Bates,680-53-3145,"PSC 4100, Box 1273
APO AA 30966",N,hours
357,Stephanie Warner,651-19-3523,"372 Mendez Burgs Apt. 540
West Jeffrey, IA 43359",N,hours
358,Melissa Kim,568-74-0154,"6941 Mendoza Gardens
Tomville, MI 54018",Y,hours
359,Andrew Taylor,645-80-7963,"7924 Pearson Garden
Saramouth, NE 19914",Y,miles
360,Isaiah Lane,004-37-7909,"PSC 2575, Box 2004
APO AE 78196",N,hours
361,Jennifer Cervantes,760-60-2595,"50509 Camacho Roads
Annettechester, ID 48344",Y,miles
362,Katrina Castro,545-75-9545,"42698 Garrett Walks Apt. 341
Coleville, LA 69850",N,miles
363,Kyle Dunn,302-92-0130,"2261 Hernandez Square
Lake David, DE 63741",N,hours
364,Anthony Hamilton,153-62-0171,"99212 Amber Lane
Millershire, AL 53312",Y,hours
365,Connor Robertson,065-63-5351,"Unit 5344 Box 4267
DPO AP 83578",N,hours
366,Linda Miller,479-28-1450,"96795 Wilson Burg
Matthewberg, HI 40100",Y,miles
367,Maria Watkins,515-51-9268,"4605 Bonnie Drives
Sandraland, NJ 83339",Y,hours
368,Theresa Simmons,064-66-7139,"0293 Giles Dale
Miguelhaven, UT 41398",N,hours
369,Timothy Smith,096-23-4926,"362 Kaitlin Knoll Suite 099
East Kevin, AZ 56384",Y,miles
370,Mr. Jason Bush,001-73-1879,"72383 Kim River Suite 490
Davidview, WI 10551",Y,miles
371,Diana Esparza,344-96-6338,"64939 Sean Forest
East Daniel, SD 25120",N,miles
372,Christina Peters,559-81-0084,"23993 Ryan Brooks
South Molly, MH 70144",Y,hours
373,Angelica Alexander,574-07-9006,"29535 Jenkins Meadow Apt. 003
West Ryanbury, NE 43621",N,hours
374,Sean Barber,508-29-1663,"79116 Kelly Throughway
Johnsonport, MI 45554",Y,hours
375,Melissa Lynch,020-38-9803,"8906 David Prairie
South Lucas, KY 52835",Y,hours
376,Emily Garcia,751-06-9981,"9472 Wendy Port Apt. 628
Luceroport, VA 25147",N,miles
377,Lisa Perkins,640-11-8036,"1428 Moore Way
Lake Sheilafort, MO 52503",Y,miles
378,Alicia Johnston,049-29-6998,"2469 Smith Mountains
Thomashaven, NE 63855",N,hours
379,Kevin Reyes,567-68-1338,"48019 Anderson Ramp
Cohentown, MD 73465",Y,hours
380,Hayley Pearson,154-47-2046,"0387 Lucas Glen Apt. 379
Elizabethmouth, VT 01056",N,hours
381,James Wood,676-85-6715,"USCGC Dawson
FPO AA 70149",N,hours
382,Joseph Gross,091-56-0226,"5757 Melissa Center
North Timothy, VI 22630",Y,hours
383,Wanda Deleon,137-01-6684,"1753 Hicks Burgs Apt. 946
West Trevor, RI 22521",Y,miles
384,Kristine Walls,564-41-3446,"018 Campbell Garden
Kruegerbury, OR 53743",N,miles
385,Margaret Barajas,619-51-4696,"241 Mathews Parkway
Ellenhaven, WV 45240",Y,hours
386,James Hunter,369-74-5137,"45389 Matthew Ports
New Spencer, MI 54254",Y,hours
387,Jennifer Robinson,757-08-7767,"PSC 1703, Box 2297
APO AE 48634",Y,hours
388,Kimberly Watson,621-38-4673,"00988 Hart Street Apt. 831
Matthewville, VI 70499",N,hours
389,Rachel Black,365-71-6124,"29619 Medina Parkway
Jillfort, NE 49743",N,hours
390,Gabrielle Torres,373-31-2294,"4060 David Stravenue Apt. 830
Michaelburgh, GU 35331",Y,hours
391,Rebecca Conley,665-73-7076,"950 Wheeler Estates Suite 614
Timothyburgh, NC 58524",N,miles
392,Richard Harris,028-57-0917,"11760 John Gardens
Port Aprilmouth, ND 56529",Y,hours
393,Scott Calderon MD,552-12-0983,"824 Norma Gateway
New Jeffrey, NH 19498",N,miles
394,Bryan Fowler,564-51-3231,"341 Brandon Falls
Stephenmouth, DE 67260",Y,hours
395,Cameron Smith,550-54-8233,"391 Emily Island Apt. 354
Chadview, IA 98684",N,hours
396,Bruce Johnson,616-73-9214,"879 Gray Parkway Apt. 719
Andrewfurt, AR 41454",Y,miles
397,Robin Wilson,006-49-2429,"12936 Williams Motorway Apt. 553
West Coreyland, PA 66637",Y,miles
398,Christopher Hill,593-44-4447,"2144 Mason Club Apt. 911
Tylerhaven, HI 04142",Y,miles
399,Jason Wagner,291-32-3162,"719 Riddle Extensions
Richardmouth, GU 70287",N,miles
400,Nicole Rivers,481-08-3304,"94748 Jason Street Apt. 716
New Philipberg, ND 10520",N,miles
401,Robert Deleon,565-48-9541,"030 Dan Plain Apt. 236
West Thomas, PW 14504",Y,miles
402,Robert Lynch,404-86-6892,"769 Randy Squares Apt. 000
Harryhaven, LA 81047",N,miles
403,Jeffrey Sexton,101-19-4920,"48177 Lisa Lodge
Port Aliciaton, VA 94214",Y,hours
404,Joshua Murray,006-03-8578,"514 Leblanc Brooks
North Michele, MO 27553",N,miles
405,Natasha Simmons,804-63-6732,"61962 Johnston Radial Apt. 364
South Katrinaport, ME 62404",Y,miles
406,Leslie Hall,700-01-6311,"4026 John Place
North Donald, KS 56055",Y,hours
407,Matthew Hobbs,464-73-1682,"4784 Megan Circle
South Brettberg, ME 28118",N,miles
408,Joseph Sanchez,643-37-8615,"PSC 8353, Box 1304
APO AE 63039",Y,miles
409,Katherine Davis,619-91-8596,"9974 Wilson Hills Apt. 716
Virginiashire, NH 38296",N,hours
410,Joshua Khan,257-25-0939,"6571 Perkins Lodge
Guzmanhaven, IN 10111",Y,miles
411,Kimberly Thomas,761-61-6190,"16780 Edwards River
Scottville, KS 17585",N,miles
412,John Weiss,629-38-5004,"307 Morris Crossroad Suite 759
Justinborough, CO 79157",N,hours
413,Joseph Wood,860-15-7887,"48218 Hess Points
North Brenda, SC 72014",Y,hours
414,Steven Willis,330-32-8750,"6233 Johnson Vista
Yoderbury, DE 99100",N,hours
415,Beverly Wong,098-90-2993,"USNV Smith
FPO AP 11210",Y,hours
416,Dr. Lindsay Rollins DVM,181-13-8021,"Unit 8617 Box 7068
DPO AP 46646",Y,miles
417,Andrew Johnson,616-69-8176,"50533 Christopher Street
Jeffreyview, AS 69369",Y,hours
418,Amanda James,723-27-8669,"46941 Gerald Cliffs
New Traviston, IN 30018",N,hours
419,Lisa Roberts,436-76-2296,"9451 Marshall Hollow
Port Ryan, RI 41951",Y,hours
420,William Brennan,102-57-7950,"USNS Khan
FPO AP 41190",N,miles
421,Bobby Bradford,694-23-4725,"308 Courtney Unions Apt. 147
Katherinemouth, RI 80313",Y,hours
422,Becky Schneider,020-09-0686,"25617 Ricky Crest Suite 844
Lake Andreamouth, NJ 79237",Y,miles
423,Hunter Ward,047-21-0469,"55541 Maxwell Tunnel Apt. 586
Shannonstad, MS 36275",Y,hours
424,Jamie Walker,280-25-7725,"81139 Crawford Parkways
Millsview, NE 87982",Y,miles
425,Michael King,897-37-8684,"41019 Michael Plaza
Colemanport, HI 62759",N,miles
426,Anthony Mcintosh,058-77-0221,"2991 Mendoza Underpass Suite 272
New Stephanieville, VI 13776",N,miles
427,Allison Kelly,299-36-5716,"867 Kimberly Views Suite 614
Shannonmouth, DE 97157",N,hours
428,Luis Thomas,649-95-3022,"363 Ashley Drive Suite 864
North John, NC 99687",Y,hours
429,Eric Roman,204-79-2684,"PSC 3282, Box 7527
APO AA 63967",Y,miles
430,Kelly Hernandez,080-91-8360,"854 Jackson Course
New Nicholasmouth, MA 92632",Y,miles
431,Daniel Baird,654-78-0758,"2522 Barton Squares
Goldenmouth, VI 32160",Y,miles
432,Andrea Potts,531-27-3154,"58616 Daniel Light Suite 604
Patrickberg, KS 58814",N,miles
433,Diane Clay,360-34-3024,"3275 Hoffman Freeway
Christianport, OR 81320",Y,hours
434,Suzanne Goodman,231-61-8400,"518 Rivera Ranch
North Christopher, SC 55101",Y,hours
435,Joseph Knapp DDS,765-36-9570,"68425 Sarah Rapid Apt. 137
Lake Daniel, GA 49384",Y,miles
436,Caitlin Wood,758-40-8831,"79765 Gutierrez Falls
Kimberlyborough, KS 94772",N,miles
437,Tara Jones,858-24-9823,"335 Crawford Curve
Mccallfort, DE 70287",N,hours
438,Chelsea Maddox,374-78-2083,"7740 Zhang Flat Apt. 401
South Vanessaland, CA 15425",N,miles
439,Alicia Anderson,212-83-3421,"42643 Carter Street Apt. 289
West Catherinechester, OR 52537",N,hours
440,Shane Smith,278-97-6177,"26998 Crawford Island
New Jeremy, MP 50573",Y,miles
441,Stacey Solis,812-13-4539,"3748 Bryan Motorway
Rosalesland, MI 76210",N,hours
442,Connie Gilbert,005-96-2731,"49450 Davis Road
West Jasonburgh, DE 02761",Y,hours
443,Erika Fernandez,487-53-2005,"57713 Mason Mall Apt. 042
West Michellehaven, DC 26330",N,miles
444,Janet Brown,569-38-7866,"242 Sherri Hill
South Amberburgh, LA 80990",N,hours
445,Kimberly Calderon,215-52-0719,"3137 Flores Parks
Keithfort, MP 92885",N,hours
446,Chase Decker,798-08-9746,"85491 Burke Hill
West Jason, LA 40057",N,miles
447,Andrew Washington,602-73-9244,"645 Tiffany Oval
East Rebecca, MO 80482",Y,miles
448,Janet Roberts,689-28-8276,"PSC 4748, Box 5253
APO AA 40275",Y,hours
449,Mark Nguyen,347-97-9533,"0573 Klein Cape Apt. 558
Caldwellberg, VT 92555",N,miles
450,Jacqueline Fowler,314-04-8047,"81210 Smith Inlet Apt. 135
Joshuamouth, MN 57064",N,miles
451,Reginald Miller MD,793-26-3503,"69493 Michelle Shore Suite 048
New Robin, KY 97701",N,hours
452,Charles Castillo,324-57-2642,"02736 Stacey Corner
East Hannah, AS 94950",N,hours
453,Michael Brown,365-99-4953,"5637 Seth Pine
West Davidmouth, OR 52831",N,hours
454,Melissa Parker,374-09-5719,"629 Graves Isle
Millershire, PR 62648",Y,miles
455,Laurie Brown,102-37-6629,"4220 Patricia Heights Apt. 536
Lake Emilyfort, WY 53423",Y,hours
456,Dale Bennett MD,324-36-1717,"PSC 2966, Box 4814
APO AA 51675",Y,hours
457,Candice Ramirez,605-59-4681,"217 Romero Ports Apt. 664
Andersonstad, NE 07662",Y,hours
458,Kelly Garcia,805-94-5582,"408 Norris Valley
Evanstown, DE 30104",Y,hours
459,Samantha Acevedo,177-28-3778,"87441 Gilbert Square Apt. 710
Floresside, NE 06660",N,miles
460,Alexandra Cuevas,736-79-2632,"952 Weiss Rapids
New Daniel, MO 86513",Y,miles
461,Lisa Barnes,764-04-6725,"USCGC Conley
FPO AE 79098",N,hours
462,Ryan Dougherty,036-62-1431,"USCGC Avila
FPO AE 86089",N,hours
463,Mark Mcdonald,194-60-9364,"USS Freeman
FPO AA 94549",Y,hours
464,Ruben Horn,028-53-3822,"50635 Joshua Field
Emilyland, NH 81999",Y,hours
465,Brian Smith,702-47-2756,"689 Alexander Ranch Apt. 825
West Haley, CT 76467",N,miles
466,Diana Bailey,857-95-8457,"23046 Williams Path
West Joy, NM 70264",Y,hours
467,Travis Mason,275-88-6136,"6739 Aaron Ridges Suite 000
Melissaview, FM 81646",N,miles
468,Tyler Jones,217-43-0320,"31879 Randy Road
Tarashire, VA 31073",N,miles
469,Sarah Mason,125-17-3041,"167 Martinez Freeway
Marieburgh, MT 31156",N,miles
470,James Walker,788-54-4703,"820 Morton Drive Apt. 716
New Brenda, MH 57261",N,hours
471,Tamara Short,422-60-6306,"2542 John Port
Paynemouth, AS 02875",Y,miles
472,Sabrina Romero,617-74-5444,"803 Tina Brook Apt. 919
South Kristin, CA 21361",Y,hours
473,Tammy Reed,019-17-9745,"233 Russo Vista
Port Michaelhaven, GA 05985",N,hours
474,Christopher Adams,216-64-1227,"USS Smith
FPO AA 72333",N,hours
475,Andrew Reed,796-16-2819,"5908 Katelyn Loaf
Lake Shane, KS 35666",Y,miles
476,Frank Martin,776-63-2645,"0526 Luis Center
Jessicaville, RI 74158",Y,hours
477,Craig Smith,348-59-0021,"7541 Mccarty Brook Suite 039
Gabriellehaven, MA 93425",N,hours
478,Gary Hamilton DDS,307-04-3567,"32274 Mendoza Club
Silvamouth, DE 82645",N,miles
479,Oscar Foster,665-39-4052,"3422 David Plains
Stewartfort, WI 06720",Y,hours
480,Kimberly Lewis,437-35-1078,"49281 Michele Passage
Hooperside, NY 98892",N,hours
481,Bobby Coleman,170-02-6521,"072 Howard Extensions Apt. 113
Brittanymouth, OR 48085",Y,hours
482,Kevin Martin,179-62-5148,"36797 Compton Track
Contrerasview, ID 49246",N,hours
483,Jared Clayton,589-53-6931,"454 Michael Circles
Wilkersonport, CT 93112",N,hours
484,Steven Whitaker,721-95-8565,"66585 Lloyd Shoal
Escobarmouth, AK 56801",N,miles
485,Nathan Sims,573-14-5795,"Unit 5494 Box 1289
DPO AE 17194",Y,hours
486,Michelle Johnson,120-49-2643,"849 Matthew Heights Apt. 589
East Laurenchester, KS 52709",N,miles
487,Kayla Simon,377-78-8306,"448 Oscar Squares Apt. 292
Bowenland, PA 07484",N,miles
488,Olivia Smith,802-91-7301,"4691 Watson Islands Suite 923
Warrenfurt, GA 04147",N,miles
489,Jason Jimenez,165-04-4400,"USS Burke
FPO AP 58898",N,miles
490,Austin Roberts,649-58-4741,"9905 Nina Manors Apt. 356
West Davidport, IA 20118",Y,hours
491,Sara Holmes,053-05-4784,"321 Torres Ridges Suite 237
Jacktown, KS 47165",N,hours
492,Rebecca Singh,646-26-2357,"5138 Jasmine Rapid
East Michaelmouth, VI 14960",N,miles
493,Patrick Holloway,418-18-7269,"52054 Stewart Unions Apt. 816
Ryanside, PA 26912",Y,hours
494,Randy Harris,146-74-8260,"998 Melendez Hill Apt. 312
New Taylorville, TN 86459",Y,miles
495,Albert Wagner,337-22-0897,"14095 Green Divide Apt. 305
Mullinsstad, PW 56405",Y,hours
496,David Brady,092-21-2256,"66380 Brandon Plain
Amyfort, PR 66582",Y,miles
497,Brian Walters,660-04-3593,"6490 Angela Harbor
South Christina, DE 85156",Y,hours
498,Eric Patrick,891-70-8319,"9053 Steven Mountain
West Edward, MS 41742",Y,hours
499,Matthew Wilson,838-31-1280,"126 Henry Springs Apt. 851
Smithmouth, MP 72171",Y,miles
500,Aaron Johnson,122-82-3514,"04750 Christian Trail Apt. 693
West Christineville, OH 63350",Y,hours
501,Allison Bradford,373-32-0414,"PSC 9190, Box 3692
APO AP 84992",Y,miles
502,John Lopez,390-34-9993,"83474 Martinez Springs
Jordanborough, LA 72147",Y,hours
503,James Martin,512-90-6574,"14270 Erin Burgs Apt. 465
Johnshire, IN 12584",Y,miles
504,Kathy Nicholson,690-50-7061,"1246 Perez Camp
East Courtney, MN 70565",N,miles
505,Jessica Butler,614-97-5272,"38996 Fernandez Neck Apt. 914
Schmidtside, WY 24661",N,hours
506,Mr. Herbert Glover,205-73-3615,"604 Bryan Lane Suite 972
Christopherberg, MO 36551",N,hours
507,Jessica Smith,057-59-9067,"36040 Scott Hills
Hendersonbury, KY 98753",Y,hours
508,Steven Pitts,526-63-8153,"81485 Davis Court
Smithton, ME 27379",Y,hours
509,Laura Carter,004-61-9447,"0952 Pittman Divide Apt. 127
South Benjamin, DC 67114",Y,hours
510,Brian Simon,762-19-9466,"892 Amber Drive
Hallchester, WI 25834",N,miles
511,Kathy Arnold,816-65-5495,"23955 Phillips Villages
Danielmouth, MA 46992",Y,miles
512,Ashley Cortez,189-48-4670,"57075 Lowe Summit Suite 933
Tylermouth, DC 78926",N,hours
513,Brenda Carlson,726-58-1217,"07130 Scott Motorway Suite 268
Dunnbury, NJ 17866",Y,hours
514,Ethan Lee,307-85-5973,"28509 Eric Parkways Suite 382
Claireview, AZ 88360",Y,miles
515,Melissa Taylor,379-40-7662,"8562 Amber Landing
New James, CT 35715",N,hours
516,Diana Reeves,819-44-4799,"95406 Reed Extension Apt. 637
Wyattton, MS 47515",Y,hours
517,Christopher Garrison,852-96-8644,"2450 Melissa Pines
Lake Dakotaborough, MA 99482",Y,miles
518,Stephen Evans,270-56-0017,"7578 Cruz Passage
New Perry, PA 90186",Y,hours
519,Charles Vazquez,682-50-3188,"8917 Morris Park Suite 292
West Lindamouth, NY 13891",N,hours
520,Roger Peterson,794-50-4176,"3458 Steve Flats
Port Ruth, IL 40877",N,miles
521,Sandra Delacruz,336-21-6281,"033 Shannon Canyon
North Melaniefurt, VI 71678",N,hours
522,Christina White,858-03-9289,"780 Donovan Ports Apt. 380
Stuarthaven, FM 68674",Y,miles
523,Sabrina Mays,505-35-3247,"7492 Pearson Walks Suite 881
Lake Malloryberg, AK 69585",N,hours
524,Norman Lopez,213-64-4594,"4713 Dennis Lodge
Davisborough, MT 43599",Y,miles
525,Gregory Deleon,155-29-0848,"145 Jefferson Plains Apt. 376
East Steven, SC 58234",Y,hours
526,Anthony Mason,402-81-8148,"65409 Jeffery Way Suite 237
Marvinfort, NV 60313",Y,miles
527,Darren Gibson,096-76-8031,"723 Terri Lane Apt. 376
Patriciaborough, IA 76364",N,hours
528,Leah Brewer,410-72-0184,"866 Melanie Gateway Apt. 355
Port Logan, RI 10947",N,hours
529,Lisa Parks,692-97-4776,"2446 Jennifer Corner
East Tamaraburgh, SD 10601",Y,miles
530,Kayla Walter,143-28-8590,"42337 Austin Lake
Briantown, WA 43866",Y,miles
531,Matthew Black,341-91-3000,"09485 Richards Highway Apt. 259
Lake Stephenside, OH 49430",Y,miles
532,Robert Chan,428-44-6642,"55791 Bush Cliffs Suite 499
Edwardsmouth, IA 37602",N,hours
533,Karen Taylor,598-87-5864,"5142 Steven Trace Suite 599
South Linda, MD 43883",N,hours
534,Nancy Martinez,306-12-7977,"858 Ramirez Centers
Thompsonville, OR 02353",N,hours
535,Oscar Gomez,721-67-8783,"62080 Alan Causeway
Katrinafort, NC 62733",Y,hours
536,Cameron Ford,343-63-4080,"0073 Medina Expressway Apt. 642
South Jacqueline, MA 11647",N,hours
537,Brian Atkins,441-08-3797,"843 Mike Camp
Gabrieltown, NM 21394",Y,hours
538,Jackson Hernandez,076-86-2982,"774 Trevino Ramp Suite 967
North Tiffany, GA 64742",Y,miles
539,David Barnett,029-61-5837,"69595 Jamie Vista Apt. 807
Jennifermouth, PA 77339",Y,hours
540,Roberto Mason,093-22-6646,"53070 Johnson Station Apt. 047
Andersonton, RI 13935",N,miles
541,Kimberly Rosario,006-94-4767,"196 Maria Mount Suite 911
Anthonyborough, MN 46509",N,miles
542,Dr. Tony Chavez,738-48-3398,"Unit 2636 Box 5584
DPO AP 99913",Y,miles
543,Larry Gill,572-91-0888,"49249 Megan Summit
Amandamouth, IN 34522",Y,hours
544,Ashley Fry,623-32-0291,"32189 Angela Ville Suite 574
Pamside, MP 17554",Y,miles
545,Ryan Moses,581-53-0498,"7252 Hoffman Drives
Rachelmouth, UT 41813",N,hours
546,Lisa Miller,884-84-0069,"371 Lloyd Villages Suite 707
Curryhaven, MD 63094",Y,hours
547,John Thomas,737-36-9598,"45220 Daniel Islands
Clarkbury, LA 68176",Y,hours
548,Susan Roy,694-71-8914,"463 Garrett Summit Apt. 018
Staceytown, AZ 94115",N,miles
549,Christopher Harrington,471-27-6743,"631 Johnston Underpass
East Vanessa, LA 68201",N,hours
550,Raymond Freeman,483-31-1115,"350 Isaac Lights
Espinozastad, VA 83049",N,hours
551,Jessica Kelly,459-86-8617,"110 Reese Branch Apt. 613
West Alejandro, PW 65258",Y,hours
552,Frederick Green,147-52-7059,"4524 Jason Track
Stephanieborough, GA 06279",N,hours
553,Michael Alvarado,380-83-5458,"6408 Mckinney Turnpike Suite 459
Bradleystad, OK 90215",N,miles
554,Kathleen Butler,035-35-0535,"600 Kayla Islands
Duranmouth, MI 70033",N,hours
555,Claudia Martinez,858-66-1425,"840 Timothy Knoll
Scottton, RI 53298",Y,miles
556,Austin Vasquez,634-12-0457,"6458 Barnes Crossroad
Port Michelletown, VI 88539",N,miles
557,Nicole Perez,744-64-0695,"259 Suzanne Crest Apt. 963
West Nathan, ID 99454",N,hours
558,Jennifer Riley,422-92-1748,"Unit 9033 Box 4791
DPO AP 72699",Y,hours
559,Sandra Hernandez,105-89-7009,"123 Davis Terrace Suite 236
Harrisonberg, TX 63350",N,miles
560,Rachel Rodriguez,037-36-0371,"9679 Coleman Road Suite 702
South Monica, PA 20114",N,hours
561,Kevin Garcia,515-51-2924,"Unit 2194 Box 2120
DPO AA 81521",N,miles
562,Sherry White,231-29-1261,"4788 Vanessa Land Suite 105
Valeriechester, WV 96336",N,miles
563,Mary Baird,402-55-0696,"333 Acevedo Route
Holmesbury, AS 76715",N,miles
564,Jennifer Taylor,667-78-3686,"000 Dustin Mall Suite 702
Josephfurt, PW 38303",Y,hours
565,John Henderson,176-90-3476,"217 Phillip Motorway Apt. 076
Grahamport, SC 80952",Y,hours
566,David Gonzalez,333-05-2613,"0439 Ryan Cliffs Suite 831
North Brenda, OR 09462",N,hours
567,Julia Aguilar,599-19-8850,"5801 Craig Fords Suite 036
Ballchester, MH 91994",Y,miles
568,Jason Mcintyre,727-68-2608,"86668 Cooke Parks Apt. 851
Ryantown, SC 19848",Y,miles
569,Ann Walls,224-93-4539,"74207 Hale Orchard
West Edwardstad, PW 31534",N,hours
570,Christopher Griffin,603-64-9062,"14393 Jones Lodge
North Cheryl, UT 72403",Y,miles
571,Makayla Thornton,859-81-2322,"10888 Wolf Parks
Davidville, AR 95781",Y,miles
572,Phillip Mcguire,425-34-0908,"412 Johnson Forks Suite 586
South Stephanie, WI 88141",N,hours
573,Darrell Harvey,696-58-7862,"278 Alex Hollow Suite 153
Colleenmouth, SD 39939",Y,hours
574,Nathaniel Brandt,482-20-2982,"289 William Village
South Steven, NC 97782",N,miles
575,Anthony Riley,406-91-0849,"Unit 3769 Box 9859
DPO AP 01990",Y,hours
576,Caleb Ramos,557-10-4160,"744 Jesse Circles Apt. 887
Meganshire, AZ 08795",N,hours
577,Derek Thompson,132-48-1905,"83125 Kimberly Corner
Lake Andrewchester, MA 20435",Y,hours
578,Mary Garrett,472-64-4388,"6697 Steven Manors
Lake Ariana, MA 60045",N,hours
579,Carrie Meyer,388-39-2063,"15358 Beth Forge Apt. 413
Lucasborough, MD 40153",N,hours
580,Laura Terrell,028-10-0774,"06941 Wendy Isle Apt. 498
Lake Anthony, MO 36286",N,miles
581,Emily Parker,216-20-4013,"037 Jennifer Plaza Suite 911
Erinbury, VA 14974",Y,hours
582,Julie Crane,814-68-7586,"USCGC Dunlap
FPO AA 90224",N,miles
583,Donna Smith,709-81-8969,"3649 Deleon Harbor Suite 105
New William, WI 65863",N,hours
584,Brenda Rogers,663-09-5465,"PSC 4923, Box 1489
APO AE 95202",N,hours
585,Craig Meza,561-59-8234,"2178 Murray Ville
New Lisachester, AZ 23325",Y,hours
586,Amy Meyer,493-18-2435,"17892 Montgomery Skyway
North Emilymouth, DC 92786",Y,miles
587,Troy Burton,394-08-2661,"879 Brown Valley Apt. 645
Heatherfort, NY 04149",N,miles
588,David Singh,613-73-3520,"82228 Brown Villages Suite 132
Lake Steven, FM 77456",N,miles
589,Brandon Torres,694-59-4316,"61182 Terri Circle
West John, VT 42569",Y,miles
590,Sean Duarte,426-03-4629,"176 Patrick Center
Tinafort, WA 89177",N,hours
591,Shawn Wade,850-21-6595,"491 Tammy Brooks Apt. 065
Meganberg, UT 20513",Y,hours
592,Connie Carter,289-95-1455,"8305 Lauren Radial Suite 637
Jameshaven, CO 35782",Y,hours
593,Marissa Adams,479-97-5459,"77512 Short Inlet
Kathleenburgh, NV 15518",N,miles
594,Renee Sims,225-68-3495,"215 Donna Shore
Martinville, IA 40691",Y,hours
595,Lisa Parker,862-43-7306,"672 Shannon Route Apt. 383
Rogerburgh, VA 12346",N,hours
596,Jacob Gross,732-26-0807,"0068 Valenzuela Fork Suite 965
Mendozaberg, PW 14818",Y,miles
597,Joseph Brooks,261-44-6126,"09197 Grant Track
New Johnside, TN 12560",N,miles
598,Jodi Blanchard,255-02-2513,"87445 Brandon Trafficway Suite 362
North Samanthamouth, WV 76001",N,hours
599,Gerald Hernandez,270-42-1178,"8665 Caroline Run Apt. 781
Aliciafurt, CA 03845",Y,hours
600,Robert Luna,881-38-7331,"Unit 9883 Box 0739
DPO AA 39259",N,miles
601,Tracy Bradley,805-12-2631,"65412 Rodriguez Ramp Suite 263
Dixonfort, MT 41572",N,miles
602,Melissa Zuniga,564-81-7582,"04642 Smith Junction Suite 518
East Joyhaven, NE 40893",N,miles
603,Hannah Jones,217-61-2696,"818 Ronnie Green
Lake Johntown, NV 93199",Y,hours
604,Randall Bryant,724-87-4664,"816 Mitchell Spurs Suite 199
West Dalechester, FL 23455",Y,hours
605,Jeanette Bryan,685-07-3459,"591 Schaefer Flat Suite 648
North Jason, IL 32579",Y,miles
606,Ashley Shepherd,627-86-8104,"PSC 8582, Box 6636
APO AE 56376",Y,miles
607,Nathan Hart,167-93-0751,"4973 Daniel Mall Apt. 310
Petersonfort, WY 43057",N,hours
608,James Hall,419-13-4798,"97769 Jessica Rapid Suite 130
West Ambermouth, MT 88473",Y,miles
609,Cassandra Parker,073-19-7797,"626 Miles Point Suite 214
New Tammiechester, NH 18715",Y,miles
610,Joshua Jones,821-12-1520,"6926 Johnson Ridges
New Travis, DE 55950",N,miles
611,Zachary Kelly,268-13-6979,"258 Erika Greens Apt. 739
Chaneyhaven, GA 09244",N,miles
612,Meredith Eaton,007-31-9392,"30433 Stephen Club
Jonesville, RI 21065",Y,miles
613,David Frost,474-72-2268,"444 Garcia Pine Suite 629
Garciabury, VT 41428",Y,hours
614,Zachary Bryant,708-06-6932,"5916 Daniels Drive
Brittanyborough, GA 66636",Y,miles
615,Allison Klein,755-62-1764,"55867 Meyers Inlet
East Sabrina, GA 00558",Y,hours
616,Donna Jones,678-24-1972,"48385 Carr Fall
Lake Michaelstad, MP 52763",N,miles
617,Teresa Walker,855-65-6834,"1409 Laura Manor
Hunterstad, AK 76285",Y,miles
618,Tami Flores,798-46-0850,"1398 Cynthia River
Deanland, MH 54916",N,miles
619,Kristen Johnston,407-76-1279,"PSC 0928, Box 3010
APO AE 91719",Y,hours
620,Larry Stone,660-01-7637,"76866 Jose Islands Suite 815
Nguyenberg, IN 48206",Y,miles
621,Dawn Fletcher,253-14-1503,"Unit 8708 Box 3447
DPO AP 09315",Y,hours
622,Brenda Cain,794-35-6954,"989 Perez Oval
Wileyview, SD 77495",N,miles
623,Keith Wilson,856-50-7307,"673 Paula Meadow Suite 366
Chavezhaven, MT 02584",N,miles
624,Brooke Taylor,696-83-6394,"986 King Island
Changburgh, DC 23945",N,hours
625,Rachel Foley,561-86-1788,"138 Karen Circles Suite 089
East Jeffreyberg, IL 13943",N,hours
626,Andrew Johnson,437-98-9094,"124 Bruce Corner
Port Nicholasborough, MH 40440",N,miles
627,Chad Willis,466-88-0937,"6682 Patricia Locks Apt. 292
East Patricia, PA 64941",N,hours
628,Melissa Jones,531-56-1629,"9817 Kathy Stravenue
Lake Jillianmouth, SC 53381",N,miles
629,Jennifer Turner,886-66-0103,"USNS Fernandez
FPO AE 22122",N,hours
630,Troy Frederick,630-22-9958,"6763 Matthew Views
Codyland, AZ 03727",N,miles
631,Jennifer Kaufman,701-48-7368,"0149 Deborah Branch Suite 469
Stewartview, ND 61258",N,miles
632,Robert Rogers,719-88-5228,"11136 Elizabeth Mission
Millertown, GU 38699",N,miles
633,Cheryl Howell,314-14-0672,"944 King Estate Apt. 594
Emilymouth, SC 27602",Y,hours
634,Jeffrey Leblanc,113-30-7729,"9332 Morales Fort Apt. 485
Lake Rodneyborough, NC 61274",Y,miles
635,Frank Lucas,098-26-9137,"7107 Johnson Burg Suite 573
East Reneeland, GA 37733",Y,miles
636,Lindsay Whitaker,830-17-8221,"1255 Keith Grove Suite 272
Christopherstad, ME 72958",Y,miles
637,Zachary Williamson,439-88-0134,"180 Allen Cove Suite 921
South Laurenview, OR 06762",Y,miles
638,Judy Berry,314-89-6837,"23518 Dana Prairie Apt. 902
East Kyleport, HI 36525",N,miles
639,Jeffrey Travis,352-62-9151,"768 Bell Well
Hillshire, WI 39770",N,miles
640,Raymond Hall,817-80-6466,"Unit 0348 Box 4349
DPO AE 15413",N,hours
641,Courtney Jordan,634-88-9730,"4050 Prince Via
Sherryland, NE 13086",N,miles
642,Carmen Reynolds,760-86-2804,"6376 Adams Way Suite 223
Yvetteshire, NC 46777",N,miles
643,Melinda Williams,596-43-1692,"91044 Steven Fork Suite 580
East Christopherstad, NM 92171",N,hours
644,Christina Logan DVM,175-60-1318,"48822 Dixon Station
South Michael, CO 61149",N,miles
645,Ms. Rebecca Warner,091-14-0102,"USNS Harris
FPO AP 72289",N,miles
646,Jasmine Booth,257-94-6645,"Unit 1542 Box 6711
DPO AE 20235",N,hours
647,Charles Martinez,748-30-7693,"9048 Anthony Tunnel Suite 737
East Jesusshire, IN 76562",N,miles
648,Alexander Acosta,859-52-2992,"848 Michael Cliff Apt. 028
North Josephberg, SD 86074",Y,miles
649,John Jackson,898-66-0708,"557 Jennifer Skyway Apt. 721
North Matthewburgh, RI 26027",Y,miles
650,Michael Hale,710-87-8006,"225 Hudson Prairie
Alexandriabury, RI 67137",Y,hours
651,Charles Young,571-20-3504,"74236 Rivera Ferry Suite 131
Lake Mike, WI 75895",Y,hours
652,Timothy Turner,347-87-2201,"5041 Smith Highway
Port Lindsayside, KY 58309",Y,hours
653,Anthony Cantrell,736-02-4651,"908 Lambert Square Apt. 515
Matthewhaven, PR 98194",Y,miles
654,Alex Hunt MD,205-56-8044,"4620 William Drive Suite 743
Youngport, DC 67537",Y,miles
655,Barbara Ellis,295-53-2131,"3526 Hannah Summit
Fletchertown, KS 54296",Y,miles
656,Joshua Beck,608-82-4697,"32162 Bentley Village Suite 971
North Melvin, CT 19726",N,miles
657,Felicia Peters,891-15-0408,"351 Mccormick Ports Suite 746
Melissaside, OH 85811",N,miles
658,Kimberly Braun,675-94-0405,"68344 Mary Ville Apt. 639
Jasonport, GA 24620",Y,miles
659,Dennis Rivera,833-06-2720,"132 Mcgee Fords
Annehaven, VA 99362",N,miles
660,Charles Daniels,740-60-5147,"98794 Hill Passage
East Dana, PA 49338",N,miles
661,Frank Boyd,253-93-5078,"USCGC Ramirez
FPO AE 13144",Y,hours
662,John Rogers,853-14-5037,"2264 Johnston Crossroad Suite 120
Port Kimberlytown, TN 38381",Y,hours
663,Dale Moran,823-69-7682,"7007 Victoria Shore Apt. 928
Port Audreymouth, MO 12467",Y,hours
664,Richard Rivera,831-67-3209,"542 Rebecca Spur
Maryton, VT 33155",Y,hours
665,Jonathan Gallegos,792-66-2838,"2475 Bradley Gardens Suite 401
North Aaron, OH 73599",Y,miles
666,Kevin Skinner,507-47-1200,"Unit 1875 Box 5836
DPO AA 11790",Y,hours
667,Amy Patel,071-08-4584,"Unit 8685 Box 2813
DPO AA 79511",N,hours
668,Michael Ryan,297-83-7306,"243 Johnson Corner
South Carolmouth, OR 37645",N,hours
669,Lisa Wu,398-83-3774,"1759 Phillips Springs
Stewartmouth, KS 53027",Y,miles
670,Krista Vang,072-69-0204,"53168 Wade Ford
East Dawn, AS 66161",Y,miles
671,Andrew Wright,167-80-0043,"4256 Rogers Camp
Kimberlyside, WI 02145",Y,hours
672,Elizabeth Marshall,883-78-7621,"530 Mejia Terrace Suite 471
Michaelberg, AZ 34362",Y,miles
673,Anthony Berg,031-82-2421,"736 Gonzalez Street Suite 084
Ashleymouth, AS 54355",N,hours
674,Michael Johnson,035-18-6099,"USNS Figueroa
FPO AA 98030",Y,hours
675,Lisa Morales,234-45-1102,"8563 Young Prairie
Williamstown, CO 90726",Y,miles
676,Gregory Moore,723-20-4881,"007 Daniel Landing
Wattsburgh, NY 25394",Y,hours
677,Harry Smith,640-15-4474,"09325 Shelley Lock
Henryfort, WY 07697",Y,hours
678,Stephen Finley,504-20-9932,"52842 Richard Shoals Suite 950
Byrdborough, MD 46924",Y,hours
679,Ryan Estrada,531-03-6220,"USS Baldwin
FPO AP 85709",N,hours
680,Mr. Ryan Johnson Jr.,595-02-8061,"USNS Williams
FPO AP 75220",N,hours
681,Tammy Smith,446-04-4031,"92935 Mitchell Greens
Jesseview, AR 04529",N,hours
682,Joseph Ortiz,467-57-7336,"123 Daniel Harbor Apt. 243
West Jason, WI 15494",N,miles
683,Dawn Moreno MD,828-73-0430,"2654 Brown Plains Apt. 323
Michaelhaven, CA 26049",N,hours
684,Robert Gibson,342-12-8738,"29743 Fuller Corner
East Martinland, UT 42499",Y,miles
685,Mackenzie Jones,828-78-0363,"6397 Megan Manor Suite 567
Sharonmouth, AR 81548",Y,hours
686,Charles Baker,461-77-3589,"USNV Bryant
FPO AA 28276",Y,miles
687,James Sanders,049-21-8087,"95899 Craig Junction
North Charlenestad, AK 02113",Y,miles
688,Travis Johnson,474-76-5820,"49238 Fernandez Plains Apt. 253
Emilystad, DE 48733",Y,hours
689,Charles English,016-64-6280,"7688 Carly Circle Apt. 416
Brianbury, MA 35334",N,miles
690,Jessica Walton DDS,691-43-9547,"5535 Sean Ways
Douglasfurt, ID 04072",N,miles
691,Elizabeth Martinez,521-45-0043,"026 Collins Fords Apt. 119
Allenside, MO 45335",N,miles
692,Matthew Ashley,651-50-5040,"449 Brown Well Apt. 235
New Danielfurt, WI 68193",Y,hours
693,Mark Phelps,778-34-3230,"02528 Duffy Loop Suite 540
Haysport, NM 73862",Y,hours
694,Holly Gonzalez,236-76-8213,"Unit 8759 Box 4547
DPO AA 69620",Y,hours
695,Justin Davis,629-85-0602,"USNS Campbell
FPO AP 92439",Y,hours
696,Juan Garcia,056-37-1904,"USCGC James
FPO AE 11302",Y,hours
697,Jonathan Smith,335-64-5008,"637 Gina Cliff
Brandiborough, HI 98686",Y,miles
698,Dr. Lucas West MD,237-76-1608,"8205 Willis Forges Suite 894
Lake Karenfort, MN 38759",Y,hours
699,Brandon Robinson,545-94-5795,"9481 Gabrielle Camp Suite 734
Williamstown, OH 80587",Y,hours
700,Matthew Oneill MD,805-17-7722,"660 Smith Lake
Lake Kimberlyland, HI 11186",N,hours
701,Gabrielle Lewis,214-40-9555,"Unit 0170 Box 8209
DPO AA 60425",Y,hours
702,Carol Maxwell,496-47-1676,"52450 Angel Fall Suite 261
Port Lindabury, IL 52918",N,hours
703,Leslie West,496-61-0654,"355 Reid Fall
Port Stephentown, NV 24589",Y,hours
704,John Barnes,574-60-9902,"0320 Cynthia Radial
North Andrewton, AK 73424",N,hours
705,Breanna Rogers,840-53-5381,"57550 Fernandez Shoals Apt. 367
Lake Melissa, GA 49676",N,miles
706,Monica Miller,368-89-0327,"61107 Brooks Ridges
Port Michelleshire, ID 91903",Y,miles
707,Jeffrey Small,298-88-3344,"Unit 7877 Box 9753
DPO AA 35442",Y,hours
708,Matthew Gonzalez,509-11-0926,"091 Wolfe Highway
East Jennifermouth, OH 50500",N,miles
709,Jill Jarvis,750-20-8198,"80419 Brown Dam
South Tammy, MO 69213",N,miles
710,Steven Scott,852-06-3209,"098 Michael Keys Suite 020
Cobbbury, PA 40140",Y,hours
711,Shannon York,439-57-1711,"903 Davis Expressway Apt. 487
New Jack, OR 65031",N,miles
712,Nicole Mcfarland,586-64-3964,"136 Thomas Centers Apt. 815
Conleyhaven, NE 53710",N,miles
713,Leah Patterson,293-88-4567,"87651 William Drive Apt. 137
Williamsside, OH 48578",Y,miles
714,Carolyn Carter,303-25-0664,"6593 Mary Place
Rosalesshire, NH 36994",Y,hours
715,Austin Pennington,351-33-1778,"4462 Williams Ford
Alanshire, MN 02635",N,hours
716,James Spencer,720-68-3653,"9405 Jared Plains Suite 217
South Angelaton, MH 30455",N,hours
717,Tammy Martin,191-07-3336,"733 Petersen Extensions Apt. 423
Port Kelly, FM 91333",Y,miles
718,Elizabeth Steele,812-12-3118,"097 Thomas Shore Apt. 338
Hickmanburgh, MN 56312",Y,miles
719,David Odonnell,787-02-1080,"54161 Kelli Isle Apt. 557
Tylerton, OR 48693",N,miles
720,Lauren Garner,407-05-0428,"0878 Aaron Views Apt. 144
New Thomasside, NE 46730",Y,miles
721,Misty Haley,266-08-8853,"733 Robert Summit Suite 321
West Tina, KS 31641",Y,miles
722,Mary Palmer,515-27-0536,"758 Pamela Mission
Ericashire, MN 87701",Y,miles
723,Theresa Lopez,585-84-2099,"06453 Steven Flat Suite 923
New Kathryntown, NJ 54050",N,miles
724,Misty Wilson,397-26-0652,"09363 Hendrix Unions
Longmouth, AZ 11865",Y,miles
725,Ronald Burke,769-45-0100,"32699 Heather Parkways Apt. 033
Port Katelynside, UT 42467",Y,miles
726,William Bradley,415-97-0021,"3977 Yang Prairie
East Alexis, MT 02813",N,miles
727,Troy Smith,536-59-9641,"2330 Frazier Lodge Suite 481
East Nicholas, IN 14751",Y,hours
728,Daniel Alvarez,340-75-6217,"1621 Jamie Estates
East Emmatown, SC 93965",N,miles
729,Zachary Boyd,810-80-7218,"389 Solomon Well Apt. 833
East Michelleborough, NC 57551",Y,miles
730,Anthony Chen,358-82-2301,"110 Stephanie Street
Whitemouth, PR 98959",N,hours
731,Dylan Bell,512-81-9667,"52285 Roberts Lake Suite 332
Powellview, CA 68824",N,hours
732,Dustin Barnes,562-06-7773,"PSC 8757, Box 8634
APO AE 01381",N,miles
733,Mason Everett,180-66-4010,"1860 Melissa Turnpike
South Michele, FM 16646",Y,hours
734,Christopher Henderson,642-99-5793,"PSC 6047, Box 9583
APO AE 07209",N,hours
735,Tina Garrison,367-82-0903,"031 Donna Parkways
South Jennifershire, CT 51165",N,hours
736,Brian Yoder,307-94-4379,"4776 Ian Ports
East Stephanie, OR 92428",N,hours
737,Terry Mitchell,620-18-2211,"7637 Rosales Estate Suite 003
New Chelsea, SD 69846",Y,hours
738,Jimmy Martinez,713-28-7093,"6478 Frederick Shore
Hernandezfort, SC 84481",Y,hours
739,Garrett Harris,039-71-7274,"048 Jennifer Light
New Brianview, NC 27177",Y,hours
740,Victor Sweeney,749-50-9749,"698 Carlson Mount
Thomasberg, UT 08890",N,hours
741,Christopher Smith,637-43-9393,"017 Jefferson Squares
Kylemouth, IA 99696",N,hours
742,Anthony Snyder,083-19-8336,"3135 Jenkins Park Suite 527
Hallborough, FL 25203",N,miles
743,Daniel Wilson,740-28-3246,"888 Kenneth Prairie
Flemingstad, GA 62126",N,miles
744,Robert Best,645-81-2300,"857 Hannah Road
Lake Emily, IL 60803",N,miles
745,Jerry Newman,598-60-3796,"88807 Gill Garden Apt. 400
Fergusonburgh, DC 04132",Y,miles
746,Melanie Davis,322-59-0853,"2841 William Lodge Apt. 959
Harrisonmouth, GA 05762",Y,miles
747,Michael Brady,610-66-7394,"293 Chang Inlet
Marcusville, AR 93074",Y,hours
748,Grant Schmidt,211-36-5724,"42331 Jason Stravenue Suite 910
Teresahaven, IA 62372",Y,miles
749,Charles Chang,502-79-1104,"8316 James Square
Patrickville, PA 50905",Y,miles
750,Bonnie Hughes,112-27-9631,"11668 Buck Forge Suite 190
Port Steven, WV 33119",Y,hours
751,Keith White,869-73-9148,"6843 Michael Place Suite 124
Lake Lisaville, IN 05962",Y,miles
752,Melissa King,179-64-4811,"563 Jon Islands
Christophermouth, ID 97225",N,miles
753,Dawn Crawford,328-38-0264,"54278 Williams Pass Suite 368
Bakerchester, CT 39332",N,hours
754,Diane Harper,200-63-4866,"7435 Miller Stream
Johnton, SD 60138",Y,miles
755,Paul Strong,354-28-9105,"831 Davidson Ranch
Port Robert, KS 09747",N,hours
756,Jacob Phillips,101-63-1131,"87282 Flores Brooks
Jordanbury, AL 77718",Y,hours
757,Dr. Brandon Haas,623-61-3926,"994 Timothy Plains Suite 888
Port Johnchester, NC 61049",N,hours
758,Hector Welch Jr.,511-34-1072,"5940 Miller Loop Apt. 246
North Julie, LA 23973",N,hours
759,William Cook,118-03-8646,"889 Donald Branch
Lake Dennis, UT 30775",Y,miles
760,Clayton Fox PhD,847-35-5020,"3939 Jeremy Fork
Lamtown, HI 96008",N,hours
761,Gabriela Morris,230-31-5558,"83862 Gregory Loaf
Laurenton, MD 86891",N,miles
762,Caroline Butler,382-16-8903,"45017 Robert Creek
Lake Mollyborough, KY 03357",Y,miles
763,Kelly Wallace,826-47-5760,"76110 John Flats
North Nicholasport, NJ 91957",Y,hours
764,Jessica Gonzalez,022-46-9146,"3378 Kristen Isle Suite 081
West Gregory, LA 91718",Y,miles
765,Crystal Weiss,614-83-5901,"297 Lori Islands Suite 667
Stephaniemouth, OK 17428",Y,hours
766,Anthony Alvarez,597-14-1815,"51557 Jenna Parkways
Patriciaport, MH 82201",Y,hours
767,Chris Grimes,023-30-3590,"9954 Miller Glen
Benjaminville, GA 11152",N,miles
768,Alex Harris,052-51-0941,"6054 Pace Hollow Suite 791
Edwardside, AL 64496",Y,hours
769,Jeffrey Ramirez,164-82-4938,"USS Waller
FPO AE 69476",Y,hours
770,Jessica Jordan DDS,456-12-8472,"48681 Rebecca Trafficway Suite 363
North Vincentton, VT 07539",N,hours
771,Michele Richmond,605-40-3790,"USNS Goodwin
FPO AP 17433",Y,miles
772,Nichole Morrison,263-84-8032,"USNS Jones
FPO AE 41365",N,hours
773,Nicholas Porter,405-90-4720,"6656 Justin Extensions Apt. 454
Monicafort, NM 03066",N,miles
774,Brian Wagner,114-69-8716,"881 Michael Gateway
Walkershire, VA 98954",N,hours
775,Tom Torres,692-14-8742,"1272 Kevin Ports Suite 354
Lunafort, LA 08059",Y,miles
776,Rebekah Green,076-27-6223,"94464 Calvin Alley
South Bryanside, PA 86928",N,miles
777,Jacob Carrillo,063-86-4144,"8937 Carter Divide
West Christineland, SD 38813",N,hours
778,Lawrence Wyatt,072-29-2088,"228 Tiffany Skyway Apt. 295
South James, OR 80008",Y,miles
779,Tara Bell,315-04-1396,"6174 Jackson Ports Suite 399
Scottmouth, DE 67004",N,hours
780,Samantha Smith,876-59-5172,"122 Mckee Points Apt. 511
South Valerieton, WY 44003",N,miles
781,Mariah Arroyo,525-01-3622,"2018 Stacey Mountain Suite 220
South Vanessa, WA 49246",Y,hours
782,Carl Williams,444-95-0103,"255 Elizabeth Forges Suite 334
West John, CO 01316",Y,miles
783,Jeffrey Gonzalez,598-06-8042,"464 Owens Ports Apt. 611
Mcguireborough, WV 59517",N,miles
784,Brian Johnson,786-68-7877,"28407 Ramirez Glen
East Melissahaven, OK 15569",Y,miles
785,Robert Graves,613-88-8749,"624 Bailey Mountains Suite 188
East James, SD 07597",N,hours
786,James Carter,015-34-6385,"91380 Thomas Well Apt. 963
West Jameshaven, GA 74690",N,hours
787,Angela Nguyen,370-45-2879,"7044 Jill Mews Apt. 657
Coxville, WV 05882",N,miles
788,David Jarvis,420-78-6300,"1762 Elizabeth Groves Suite 307
Jimmyfort, GU 03214",N,miles
789,Andrea Spencer,566-03-7225,"34613 Martin Forge
New Anthony, SC 18805",N,hours
790,Brian Morris,223-27-4513,"7933 Crystal Turnpike
Cohenstad, TX 10647",N,miles
791,Elizabeth Rodriguez,283-08-2671,"087 Lindsay Courts
Lindabury, MA 47560",Y,hours
792,Ryan Harper,676-84-5408,"6388 Timothy Drive
Russellfort, ND 47528",N,miles
793,Donald Arnold,127-07-9296,"94642 Miller Skyway Suite 700
Port Juanmouth, NY 56349",Y,miles
794,Chase Mora,100-85-4820,"93281 Carrie Dale
Jonesville, SD 70340",Y,miles
795,Rachel White,017-11-3764,"894 Jennifer Port
New Michael, RI 49659",N,hours
796,Kevin Williams,091-21-1687,"17708 Amy Heights Suite 322
East Brandon, UT 15001",Y,hours
797,Tina Carroll,546-83-9849,"699 West Summit Apt. 266
North Deborahburgh, TX 95749",Y,miles
798,Joseph Berger,848-93-1198,"9589 Andrea Fort
Kellerville, PR 85636",N,hours
799,Joshua Kelly,436-04-0611,"0739 Richard Extension Suite 720
Shanechester, VI 63325",Y,miles
800,Tyler Rivera,285-72-4537,"8023 Carr Alley
New Kevin, WV 10354",N,hours
801,James James,390-81-0855,"8527 Kimberly Stream Suite 905
Alexaborough, MD 33748",N,hours
802,Nicole Green,486-32-5084,"758 Ryan Roads Apt. 157
Sandersmouth, MO 75878",Y,miles
803,Maxwell Carter,145-60-8911,"18550 Kayla Way
New Justin, TN 51786",Y,hours
804,Catherine Brown,077-76-3720,"160 Tanya Groves
Alexanderbury, TX 54232",N,hours
805,Elizabeth Dickson,822-27-3971,"61415 Nicholas Light
Denisechester, VT 59751",N,miles
806,Gregory Dunn,095-36-7826,"2282 Anthony Coves Apt. 052
Port David, PR 04647",N,miles
807,Lisa Weiss,898-11-6804,"873 Fisher Squares
Lake Linda, SD 50821",N,hours
808,Jamie Shelton,086-03-5270,"93133 Lisa Lock Apt. 534
North Kelly, MH 02133",N,hours
809,Randy Little,580-23-0516,"8220 Sparks Trail Suite 578
South Davidview, NV 22732",N,hours
810,Joe Carlson,019-53-8106,"705 Karen Valleys Apt. 447
Kristenchester, NJ 80628",Y,hours
811,Andrew Massey,524-18-6524,"11315 Williams Route Suite 917
Perezburgh, ME 91587",N,miles
812,Kara Barnett,021-24-0446,"688 Jessica Ridges
Thomasland, CO 41818",N,hours
813,Nicholas Lucas,512-33-0527,"5077 Rodriguez Knoll Apt. 651
Bennettville, GU 92569",N,miles
814,Jeremy Martinez,559-77-0229,"Unit 5872 Box 2674
DPO AE 78398",N,miles
815,Elizabeth Durham,883-41-3917,"649 Barron Rapid
North Nicolemouth, MA 02041",Y,miles
816,James Dillon,305-80-4528,"846 Dixon Groves
Lake Carrie, NV 93834",N,miles
817,Allison Robertson,619-66-8752,"11360 Brett Crest
Alexandramouth, TN 97840",N,hours
818,Brian Marks,308-10-5876,"470 Pratt Mews
East Ninaburgh, OK 33122",Y,miles
819,Craig Lutz,482-54-8605,"6424 Margaret Place
North Timothychester, MA 77173",Y,hours
820,Frank Martin,001-46-9542,"2605 Johnathan Crossroad Suite 119
Ryanchester, UT 25522",N,hours
821,Jennifer Ramos,550-84-5646,"108 Frank Rest Suite 750
Port Mckenziehaven, GA 25906",Y,miles
822,Kaitlyn Clark,772-65-4140,"62996 Kelly Crossroad
Marvinland, NC 93807",N,miles
823,Donna Jones MD,016-92-4065,"USNV Archer
FPO AP 17458",N,miles
824,Anthony Reese,098-58-1521,"507 Perez Rapid
North Jamesmouth, GU 04228",N,miles
825,Wendy Smith,540-08-5223,"7327 Deborah Inlet Suite 016
East Michelle, DE 22105",Y,hours
826,Melissa Moreno,433-29-7456,"6439 Robert Creek
New Michael, CO 18478",N,miles
827,Margaret Garcia,089-47-9679,"294 Regina Turnpike Apt. 837
West Amandaberg, PR 96932",N,hours
828,Michelle Chavez,686-37-6557,"3004 Smith Stravenue
West Josephfort, VA 00790",Y,hours
829,Heather Campos,487-26-7209,"062 Anthony Villages
Port Shannonside, NJ 13349",N,hours
830,Susan Ferguson,677-39-5584,"959 Jackson Wells
North Theresa, MP 18983",Y,hours
831,Mr. Phillip Washington,126-78-6109,"USCGC Beck
FPO AP 21675",Y,hours
832,Andrew Moreno,371-31-8443,"USCGC Evans
FPO AA 60827",Y,miles
833,Melissa Gomez,399-28-0418,"3287 Alexis Rue
Lake Marioberg, CO 34078",N,hours
834,Molly Robertson,016-10-6642,"686 Ellis Parkway
Beanbury, VT 26839",Y,hours
835,Brian Davis,148-80-7301,"762 Ewing Mall
Tiffanyton, PR 23412",N,hours
836,Julie Tran,734-57-0489,"0914 Berger Cliff Apt. 490
South Alyssabury, FM 10916",N,miles
837,David Flynn,103-58-0876,"8311 Richards Rest
Prestonmouth, AL 08317",Y,miles
838,Katherine Austin,306-14-8643,"4211 Stephen View
Smithtown, LA 03714",Y,hours
839,Stephanie Wright,428-07-6575,"124 Moore Overpass
Scottbury, MH 92851",Y,hours
840,Kelli Hill,130-81-4981,"6226 Hanson Spur
Jamesside, SD 79525",Y,miles
841,Emily Phelps,377-65-5613,"469 Thomas Fort
South Elizabeth, OR 99015",Y,miles
842,James Monroe,671-33-2245,"149 Lewis Port
South Mitchell, NH 10740",N,hours
843,Michael Ibarra,158-21-8427,"5094 Andrew Extension Suite 169
Sheppardshire, AZ 22969",N,miles
844,Jeffrey Harris,542-24-2923,"110 Reed Groves Apt. 671
Smithtown, GU 83099",N,hours
845,Kenneth Curry,362-15-0890,"USNV Clark
FPO AE 65461",Y,miles
846,Ashley Murphy,324-89-0932,"436 Nicole Brooks
Sandraborough, OR 13916",N,hours
847,Cheyenne Becker,099-17-5048,"80342 Emily Square
Port Steve, OH 90218",N,miles
848,Michelle Cunningham,151-85-2474,"415 Flores Turnpike
Williamsstad, OH 39930",Y,miles
849,Michael Walker,682-95-9293,"1725 Gibson Manor Suite 914
Nelsonstad, SC 35763",N,hours
850,Jacqueline Miller,467-38-2748,"5183 John Islands Apt. 356
Jonesport, VA 66595",N,miles
851,Gail Meyers,487-33-8189,"780 Miller Via Suite 130
New Tiffany, SD 97094",Y,miles
852,Megan Holder,698-08-8422,"712 Robert Trace Apt. 763
Kurtmouth, MI 29902",N,miles
853,Kevin Brown,578-67-3746,"5431 Victoria Club Apt. 988
Ryanton, SD 30299",N,miles
854,Taylor Olsen,600-23-9088,"85671 Edward Manors
East Barbara, HI 38522",N,miles
855,Karen Price,471-78-7844,"4161 Alexandria Hill Suite 975
Port Jennifer, MO 43021",N,miles
856,Blake Reyes,897-36-0928,"384 Vanessa Bypass
Griffinstad, AK 99728",N,hours
857,Michael Davis,590-34-5645,"40393 Gonzalez Highway
Tamarastad, NJ 80397",Y,miles
858,Yolanda Webster,065-71-5945,"PSC 2992, Box 6498
APO AA 96810",N,hours
859,Sheena Johnson,423-83-9557,"23819 Sullivan Row Suite 096
Lake Kellystad, CA 81101",N,miles
860,Corey Reyes,219-63-6901,"66812 Angel Trail Apt. 816
Mistyville, VI 56032",Y,hours
861,Cheryl Conner,299-46-9984,"453 Webb Ports Suite 720
North Loriview, NH 90394",N,miles
862,Nicholas Knight,171-76-0510,"39988 George Mount Suite 137
Evansborough, PA 17691",Y,miles
863,Ricky Harper,361-63-4771,"98033 Hawkins Bypass
Robertsfort, LA 72932",N,miles
864,Donald Lopez,101-73-9678,"30882 Stanley Parks Apt. 983
Joshuaside, MD 21267",N,hours
865,Lisa Williams,582-64-1003,"3972 Kim Fall Suite 215
Cobbhaven, MN 25664",Y,hours
866,Natalie Clark,892-49-1765,"979 John Road
North Robert, ND 85949",Y,miles
867,Donna Davis,428-17-5717,"3141 Patel Place
New Tamara, CA 81274",N,miles
868,Jodi Beck,470-91-4383,"7988 Kelly Skyway Apt. 364
West Latashabury, MN 30979",Y,miles
869,Steven Calhoun,329-60-8360,"4617 Darryl Walks
East Patrickbury, MO 04792",N,miles
870,Linda Moreno,050-62-1114,"76764 Cross Lodge
North Matthew, VA 80733",N,miles
871,Michael Case,854-35-5600,"Unit 3078 Box 2616
DPO AP 34249",Y,hours
872,Charles King,737-50-4968,"553 Sandoval Corners
Jodytown, MA 95162",Y,miles
873,George Sosa Jr.,671-75-6981,"PSC 4678, Box 3869
APO AP 90767",N,miles
874,Kathleen Jackson,303-55-3687,"00893 Danielle Mountains
New Stacey, TN 14661",N,miles
875,Nicholas Dougherty,107-74-8124,"9759 Osborne Circles
Churchshire, IL 29004",N,hours
876,Terry Valdez,254-12-1746,"95447 Deleon Points Suite 566
South Guy, FM 40490",Y,hours
877,Cynthia Park,687-22-9866,"63645 Carlos Throughway
East Vincentland, CA 58558",Y,miles
878,Brian Mullen,298-39-4865,"389 Julia Cape
Janeburgh, DC 62285",Y,miles
879,Kathleen Barker,449-87-6052,"99668 Stephens Square
East Mary, AR 11807",Y,miles
880,Christina Brennan,109-66-2714,"USCGC Franklin
FPO AA 73079",Y,miles
881,Cheryl Davis,772-28-5891,"841 Melissa Ridge Apt. 119
New James, MT 20428",N,hours
882,Ronald Newton,805-03-9636,"77390 Sally Mission
Stevenshire, NJ 06439",N,hours
883,Kirk Anderson,371-54-2210,"1641 Alex Walk Apt. 544
New Michaelmouth, OH 34148",N,hours
884,Robert Gibbs,329-88-6065,"8345 Johnson Skyway
North Gordonburgh, VA 69169",N,hours
885,Kathryn Young,184-33-9552,"85881 Everett Burg Suite 894
Nancyhaven, ID 32992",N,miles
886,Cheyenne Reed,533-96-7855,"31763 Carroll Fort
Jeremyland, HI 91741",Y,miles
887,Colleen White,188-71-0960,"879 Kim Islands
Paulside, AL 16379",N,miles
888,Lisa Ellison,672-12-4931,"872 Ryan Avenue Apt. 159
Martinezbury, SD 29591",N,miles
889,Sarah Thompson,181-93-3217,"76635 Williams Ville Suite 260
West Ashley, NC 36322",Y,hours
890,Jordan Wagner,404-24-1767,"5559 Smith Parks Apt. 394
Garciachester, MN 40251",Y,hours
891,Jamie Williams,371-79-6758,"16408 Allen Burgs
Hannahhaven, ME 20752",Y,hours
892,Sarah Jordan,865-28-0889,"7200 Alan Meadow Suite 022
Jameschester, VI 87086",N,hours
893,Douglas Harris,268-59-3394,"9127 Anne Shoals
Erictown, MH 79843",N,miles
894,Michael Heath,296-18-6542,"18029 Johnson Club Suite 804
Mariaside, ID 12383",Y,miles
895,Kenneth Rosales,872-29-0054,"5600 Brooke Vista
Lake Michaelton, NV 22634",Y,hours
896,Tammy Swanson,553-14-1932,"456 Thornton Trafficway
Lake Keith, MN 88289",Y,hours
897,Philip Peterson,274-81-1730,"82919 Padilla Islands
South Roger, LA 14027",N,hours
898,Linda Lyons,678-15-3809,"685 Gina Cliff Apt. 814
North Carla, DC 72337",Y,hours
899,Christine Edwards,094-01-9322,"156 Kenneth Estates
Powellberg, CA 30967",Y,miles
900,Douglas Russell,836-68-3973,"04790 Ronald Overpass Apt. 259
New Steven, MN 91840",Y,hours
901,Yolanda Patel,286-33-8745,"257 Salazar Brooks
Harrisonville, MD 73453",N,miles
902,Patricia Navarro,280-61-3960,"98324 Sarah Causeway Suite 737
Eduardoborough, FL 22894",N,miles
903,Debra Edwards,214-39-1736,"504 Morris Knoll
Andrewchester, UT 23406",Y,miles
904,Darryl Santana,149-96-7852,"90861 Michael Rue Apt. 727
South Ethan, WA 89778",Y,hours
905,Kathy Butler,701-22-9605,"11976 Pena Junction
New Patricia, NC 81541",Y,miles
906,Sara Murphy,392-03-0706,"41477 Michelle Ports Suite 136
Watkinsville, AR 87153",N,hours
907,Elijah Russell,601-81-0837,"280 Joanna Rapids Suite 968
West Mark, TN 38252",N,miles
908,Nicole Moore,620-62-0322,"7057 Pratt Inlet
West Tonya, DE 02961",Y,hours
909,Miss Candice Brown PhD,158-82-0405,"PSC 1376, Box 1110
APO AP 50915",N,miles
910,Michelle Smith,214-65-7561,"39109 Pham Oval Suite 708
Terryfort, GA 08726",N,miles
911,Pamela Martin,683-70-4451,"953 Colin Fall
Laurenview, NJ 30316",N,hours
912,Brandon Morris,832-88-8579,"57088 Roger Expressway Suite 759
New Raymond, AK 34818",Y,miles
913,Lori Davis,039-71-9737,"87858 Young Isle
Heidiville, TX 52515",N,miles
914,Brittany Underwood,412-09-7777,"418 Matthew Avenue
Flowershaven, AL 67405",N,miles
915,David Green,517-93-8643,"384 Sean Canyon
Lake Thomas, MA 54967",Y,hours
916,Jennifer Weeks,498-32-0718,"4556 Barker Camp
Hernandezmouth, WY 93473",Y,miles
917,Valerie Watkins,651-47-0709,"7976 Gutierrez Forest Apt. 549
West Alexandershire, NM 41618",Y,miles
918,Aaron Gonzales,806-23-0220,"63584 Brenda Pass Apt. 542
Jessemouth, OH 79305",N,miles
919,Judy Carpenter,097-71-6353,"1264 Williams Port
Stricklandfort, NH 32226",N,miles
920,Kim Gonzales,245-24-8621,"885 Goodwin Drive
Port Kristy, KS 60002",N,miles
921,Shannon Sanders,452-50-5717,"0545 Fleming Vista
East Isaacfort, NC 64226",Y,miles
922,Craig Miranda,715-39-9083,"96396 Derek Walk
New Alexander, GA 98286",N,miles
923,Carl Petersen,245-06-6903,"65080 Pineda Prairie
East Chad, NJ 29978",N,miles
924,Clifford Gallagher,504-12-4436,"225 Francisco Passage Apt. 994
Duncanview, MN 34392",Y,miles
925,Maria Wilson,234-48-8866,"91974 Brandon Divide
Juliashire, CA 16997",Y,miles
926,Brett Hall,335-52-0262,"065 Michael Junctions
South Stephanie, TN 19703",Y,hours
927,Jose George,433-27-7222,"3043 Gibbs Lake
North Elizabeth, KS 55042",N,miles
928,Caleb Downs,392-75-3166,"PSC 0603, Box 8114
APO AE 29928",N,hours
929,Nicholas Jones,635-04-3110,"354 Lisa Stream
Debraborough, MA 39079",N,miles
930,Jane Evans,382-69-2627,"4957 Cameron Spur
Lake Dianeborough, NM 56427",Y,miles
931,Adam Graham,314-89-3057,"01838 Wise Inlet
Lake Marcusmouth, MI 96459",N,hours
932,Michelle White,192-99-0098,"52464 Shawn Forges Suite 663
Port Dawnshire, MI 86025",Y,hours
933,Tamara Parker,425-12-0592,"8054 Carlos Ridge Suite 039
New Geraldmouth, ME 31160",N,hours
934,Holly Love,421-31-2170,"73923 Ashley Lock Apt. 627
New Renee, IN 56121",N,miles
935,Stacey Tran,721-86-1804,"1719 Brown Burgs Apt. 856
Jamesfurt, PW 44213",N,miles
936,Tabitha Jones,685-85-9468,"Unit 9806 Box 9771
DPO AP 62158",N,hours
937,James Potts,054-17-1419,"4847 Lutz Lodge Apt. 057
Whitemouth, RI 12263",Y,hours
938,Jeffrey Gardner,178-70-5859,"959 Mcdaniel Place
South Shane, PA 59872",Y,hours
939,Ashley Mejia,086-30-8420,"82818 Alejandro Villages
Michelleside, WI 09717",N,miles
940,Ashley Escobar,096-97-7522,"569 Jennifer Summit
Carolberg, NC 12058",Y,hours
941,Nicole Burke,371-84-5384,"PSC 0164, Box 6831
APO AP 29428",Y,hours
942,Hayden Taylor,134-17-8847,"4175 Timothy Port Apt. 614
South Isaiah, LA 06921",Y,hours
943,Julie Rodriguez,431-77-7337,"6841 Anna Trafficway
Port Tammieville, CT 87073",N,hours
944,Tracie Harris,447-92-9326,"96705 Baker Estate Suite 681
Gonzalezton, VA 41036",Y,hours
945,Joseph Jones,538-58-8764,"2273 Kristin View Apt. 972
Lake Francisco, MA 79473",Y,hours
946,Cynthia Wilson,762-15-4109,"USNS Vincent
FPO AE 66834",N,hours
947,Mary Simmons,531-05-6366,"0402 Donna Lodge Apt. 596
Harrisonhaven, AL 17792",N,hours
948,Jennifer Compton,424-02-4153,"Unit 4559 Box 4031
DPO AA 00755",Y,miles
949,Lori Turner,438-93-9227,"USNV Garcia
FPO AA 81432",N,hours
950,William Johnson,301-31-0608,"426 Russo Freeway
Joneston, DE 28400",Y,hours
951,Jesse Baker,068-10-9518,"899 Jennifer Estates
Port Eric, VT 77144",Y,miles
952,Shelby Hall,689-53-6242,"864 Debra Trail Suite 246
North Chad, IN 98872",N,miles
953,Spencer Brown,434-89-8227,"1889 Mark Path
Mcguireport, NV 07390",N,hours
954,Bridget Johnson,189-65-8788,"245 Dickson Ridge Apt. 626
Mandyberg, OH 59262",N,hours
955,Megan Harrison,822-36-7248,"PSC 9751, Box 3542
APO AP 06766",N,miles
956,Lisa Jackson MD,086-99-6096,"85577 Payne Pass
South Christopherton, DE 73747",N,miles
957,Brooke Adams,089-37-0279,"502 David Mountains Apt. 185
North Melanie, MN 95250",Y,hours
958,Anthony Valdez,734-79-1572,"90817 Angela Square Suite 356
Rachelborough, RI 32162",N,miles
959,Patricia Gonzalez,203-18-1727,"04892 Drew Common Suite 656
West Max, PA 49092",N,miles
960,Thomas Powell,188-50-1367,"550 Combs Mountains Suite 625
New Kevin, PA 82659",N,hours
961,Corey Murphy,304-56-0480,"80939 Lee Forge
West David, MT 81962",N,hours
962,Dawn Hawkins MD,587-60-0094,"769 Mccarthy Estate Apt. 971
Phillipsmouth, AZ 23992",N,miles
963,David Bryan,092-94-2475,"06799 Martin Highway Apt. 770
Amystad, DE 55247",Y,miles
964,Allen Knight,842-87-7822,"9258 Courtney Keys
Vaughnshire, WA 20529",N,miles
965,Jessica Calderon,143-64-5935,"1196 Walls Mall Suite 221
Booneshire, SD 78073",N,miles
966,Alyssa Sullivan,265-55-9109,"191 Mcknight Spurs
Carpenterburgh, MI 54800",N,miles
967,Chloe Perez,817-27-7242,"2886 Gwendolyn Isle
Smithborough, NH 35070",Y,miles
968,Dr. Christopher Roberts,156-40-1078,"196 Anthony Passage Apt. 313
Rogerston, PA 19275",N,hours
969,Sarah Wilson,272-54-0537,"USNV Mayer
FPO AE 78096",N,miles
970,Wendy Ramirez,847-86-2479,"273 Tyler Overpass
Lake Amy, MN 24214",N,hours
971,Sean Watson,882-97-8128,"8531 Angela Valley
East Anthonystad, AZ 38842",N,hours
972,Benjamin Hanna,348-68-0264,"5621 Scott Centers
Chelseymouth, CO 97761",Y,miles
973,Matthew Brown,541-20-7645,"87350 Carroll Landing Suite 139
South Michelle, MS 45603",N,hours
974,Walter Doyle,193-96-5028,"PSC 5335, Box 5735
APO AE 09718",N,hours
975,Thomas Jenkins,866-15-7366,"1852 Garza Curve
Melissastad, NC 79951",Y,hours
976,Angela Espinoza,517-98-3564,"3445 Stephen Springs
Port Marieview, OR 48826",Y,miles
977,Mason Dickson,175-88-5559,"628 Janet Lights Suite 926
Victorborough, WA 64908",Y,hours
978,Nicole Lane MD,823-11-6764,"11170 Marshall Hollow Apt. 254
Hicksstad, NM 60621",N,hours
979,Larry Holland,722-59-4769,"Unit 7090 Box 9255
DPO AP 83305",N,hours
980,Courtney Schneider,186-77-0228,"180 Shannon Pine
Sandramouth, CO 08282",N,miles
981,Chad Gonzales,295-02-1599,"846 Cheryl Highway
Caitlynmouth, SC 09592",Y,miles
982,Dustin Hartman,333-13-3868,"20331 Jason Burg Apt. 920
Jonesview, ME 36838",N,miles
983,Jeffrey Smith,110-74-3469,"2402 Amy Junction
Tylerberg, IA 69478",N,miles
984,Jessica Patterson,237-24-2027,"7937 Harper Manors Apt. 529
Conradtown, VT 49043",Y,hours
985,Carla Pennington,742-42-5041,"3728 Adam Gateway Apt. 152
South Taylor, PR 37878",N,hours
986,Michael Huffman,212-63-9055,"5924 Michael Route Suite 027
New Brenda, HI 34052",N,miles
987,Brandi Hampton,634-67-2449,"1702 Donna Center
Port Amyport, VA 82992",N,miles
988,Amber Rogers,233-90-8698,"254 Barry Plains
Bryanfurt, UT 44617",N,hours
989,John Gibson,260-96-7803,"04436 Erin Vista
Boonetown, AS 04168",N,hours
990,William Gonzales,191-52-8714,"1668 Medina Ramp Suite 152
Port Shannon, LA 44057",Y,hours
991,Eric Brown,728-71-0354,"76031 Stephanie Manors
Michelleside, DE 49657",N,miles
992,Pamela Meyer,859-49-0441,"572 Romero Creek
Lindashire, DE 84920",Y,hours
993,Kristi Lucero,195-90-6533,"80360 Deborah Unions
East Renee, NM 37884",N,miles
994,Nancy Aguilar,416-19-6274,"14981 Tanya Bridge Apt. 666
Lake Rachel, LA 94108",N,hours
995,Mr. Matthew Abbott MD,058-54-4829,"599 Edwin Extensions Apt. 499
South Margaret, WI 87419",Y,miles
996,Mrs. Jennifer Green,091-20-5496,"14479 Salas Points
Stacyside, WV 67387",N,miles
997,Angela Villanueva,003-14-3051,"6019 Eric Roads
Port Susan, VI 25801",Y,hours
998,Anthony Garza,171-53-2008,"0696 Billy Glens Suite 315
Micheleville, VA 02442",N,miles
999,Kevin Riddle,691-58-9501,"44097 Amanda Pines
Harrisport, NJ 10808",N,hours
1000,April Hall,250-44-7947,"014 Ward Row
East Robertton, OH 02107",N,hours
1001,Andrew Dunn,558-55-3714,"8595 Davis Corners Apt. 815
West Brittanyfort, CA 32723",N,miles
1002,Shelia Campbell,778-55-3783,"6469 Nathan Ridge
Port Anthony, IA 35903",N,miles
1003,Cody Patterson,332-02-5014,"05585 Mike Orchard
Hayleyfort, MT 81336",Y,hours
1004,John Willis,511-40-0378,"6265 Ronald Centers
South Monique, MT 18435",N,miles
1005,Duane Shelton,091-39-4456,"883 Christina Fields Suite 385
Christopherborough, SD 96586",N,hours
1006,Lance White,420-21-1781,"5915 Pamela Isle Apt. 685
Williamsland, IN 96765",N,miles
1007,Zachary May,545-59-5312,"438 Luis Club
Johnsonstad, IN 60496",N,hours
1008,Colin Graham,686-66-0107,"463 Roberts Oval
Penaview, SD 54719",N,miles
1009,Kimberly Stewart,017-11-4920,"7984 Nicholas Mountains Apt. 304
Port Theresaburgh, VT 05275",N,hours
